Row,UUID
1,52a68cfe-2bf8-4a65-8b7c-da55542c1218
2,8156bca5-bf62-412a-b1d2-acd72366f077
3,bfdd497f-a7a5-4d58-99d0-2e81da814554
4,95de2772-59ab-4e32-b190-27cffe53d87c
5,e9636cd2-6a3f-4561-9556-7d9eb7a97b6e
6,d4fd7127-802c-45f0-8c4c-9057e49cc680
7,2b68d2fc-25e9-4f63-bfff-a8ffd4b0e70b
8,1f9192ab-362c-4528-a0c9-468d1b9e8b44
9,e689382c-ced6-45bf-a445-acf5730bab56
10,a8d30ad4-bea4-4b4b-8a94-49f10623054f
11,986f1d75-20f4-4529-a0d8-7b874a782838
12,181aa397-a1d4-423d-ae77-c5f004cbdcf6
13,065f9bfd-9c2a-4a01-96c5-09bb28c9e8e9
14,9799bfe1-afc6-4c5e-b608-e216bad7466a
15,dee42464-46ad-4744-a399-7ee2e4dbe264
16,975433e2-5aef-44d1-a7af-333504e9aae8
17,ba165a50-89f0-4b01-ac54-c0df191d45eb
18,82f1044d-8b02-4bf4-a25e-2d1d348bb015
19,2b104922-dd9f-4e6f-9044-3ee500d54c02
20,c060cc04-9a38-4674-b41c-0b6e3a9fca6a
21,1c2c7111-bc1f-42a2-93bc-d66a430b1687
22,f7788b68-246d-4fe7-8ebb-71343b026030
23,135ad3c5-0c5b-44ed-9bf6-7af797c1fd4c
24,46d8e4cb-db0d-4e13-ba70-364e9bbd0e85
25,895f898d-e360-4e56-a172-822d85e8c834
26,f9157aec-4ef4-4dc1-b146-70c557c05877
27,13fb4309-dad1-4a11-ab19-c59f95733ddd
28,ccb1ae7c-0491-420d-8572-55f085bfd8ab
29,45632cdb-3fde-42af-9cba-f5b085d2ebe5
30,ed050325-585a-4b47-85a5-55b751910a15
31,f424bcfc-5cf5-49dc-8523-fb7270a91b3b
32,7a592de5-8498-4954-9319-ac4cb8cc39f3
33,28c40023-84b1-4048-8406-28c64fa81d15
34,52b2037d-80ee-49d3-b8b6-2e58ac4c1bb4
35,0bb3c46c-f6e3-42ff-bc2e-41cf5ec4d282
36,a83f3ec4-d58e-44f4-9999-bfe1e3b42f3f
37,598e7d44-5564-4cc7-a82d-07a9e2408844
38,2279cbf8-d68a-4965-b71e-439398594565
39,b99b8f48-98a7-4bfe-85aa-a42e677b4811
40,deaf1cde-b851-4b88-b16f-9ca0ddac0f1d
41,f0f9174d-4650-498d-a0ca-395eacd0cabb
42,cdb9360c-f6fc-4b0d-82a4-9318abace573
43,29051083-b985-4f6b-88be-b260dc37fbc3
44,cee8c653-fbd8-4f61-b0c1-213797b98d58
45,58fa1092-a749-4d1a-9ac3-eb98df522374
46,a36f6704-1e4a-4d9c-80e8-d72a0b087ca0
47,50e381fc-7d8f-4a41-81a6-978978eed78c
48,60c7abf1-45ac-4deb-a121-86e35ccfdad2
49,32317758-28ab-4e27-ba61-16ffc4a54ea8
50,960327cc-5de3-413b-baed-97144f2c1ca1
51,157fe851-94ae-4db2-87bc-b3680947da1c
52,fa2b6a33-d157-48ea-9261-89b5cd4cca10
53,bca08df6-6b10-4589-b7d9-a429607d7ee5
54,6f7fc568-68c8-49ba-87e3-f10a7204786b
55,a487d28e-93fb-40c3-8125-33122a33e6e2
56,bcbdcc34-10ad-459c-b285-c9b154b181f8
57,d06e40f4-dd12-4484-8cde-93c93a91f30a
58,75af9225-71fe-401b-8e54-fcf79957b3e6
59,9167311a-6628-44da-8088-897d7be9dc30
60,737a758f-cffa-4558-baec-77c483c7bd5e
61,77238ac0-bc59-49aa-99e9-3b6fadf7635b
62,6dd54fc5-097e-44bf-8dad-e384f7274df5
63,da532a5c-e14d-453c-8e7c-088876dff1b5
64,2252ea3f-5d0a-47b6-8fca-2e31bf56483e
65,8d115001-a655-4e2b-8fdc-3b296e7abad4
66,d18eed5d-14a8-4072-a48c-9b79898c6a3b
67,4d2498e5-5aab-4cf7-a763-49430541a889
68,7a9a7b73-ee1f-467d-b310-133f9b3b2b22
69,e9855452-a38a-4d99-9a05-c43d658b754d
70,aea05efe-0f08-46c0-8682-f03a3172a05b
71,c90b98e6-376a-4845-b395-d364b74d50e9
72,a62d02c7-9d09-43fd-91cd-ca7f08923e39
73,3c260aba-caab-455d-b8de-9e07ea391952
74,1b9b3c3c-2c03-4563-ad74-be246eac4f98
75,3c5f115e-83e1-4585-8a55-0a1815fb5d67
76,95bcba4b-9312-4b25-9fe1-79da2eb59c42
77,9a34d544-2ba6-4467-9c40-cee600194ae9
78,7cdfa4f7-d2c4-4888-af1a-f0c51a9fbd4a
79,010b3ecc-956c-4221-8fdb-eabcf1b19eee
80,04a93af8-1563-45a5-a430-6b9ccb27a9af
81,78ee8fdf-585c-4fb2-a4d2-39e41eaf8fde
82,77d4f168-86e0-4b16-90ee-996e59a0f230
83,358c3d26-9ed3-4368-b3eb-bb231253af59
84,9335addf-aee9-4596-ae24-6c11a99950a7
85,94d65c8b-ed81-4d6f-ba6b-8da5e09f3582
86,899309a5-024a-4686-b80b-cd4708254ab2
87,97334745-00bc-44c0-85cc-84b5ae548053
88,a54ebad3-de32-44f8-be59-c1604a589c0c
89,60c70699-6bdd-4727-9516-241cca996cb5
90,b8092201-b715-426e-82de-751ef4e6386c
91,ca02622d-9e74-4dcd-9ac7-1af532d15dfb
92,5f5a4cea-28f4-4d70-87c6-23b5d7068c8b
93,3f870894-084d-47e6-968a-e795df7f5ecd
94,988453e6-9dbe-4d26-adb4-16d243d14ec6
95,2c39bada-2f26-411c-9a2f-ac86cc3b3af9
96,f3fcb28f-66a7-41b4-99e5-8a4b2cfcdda6
97,051ddd8b-a1b5-4734-bc4c-dfe723da23b3
98,1f8f9a1a-1b02-4cb8-b2ce-0ccef18f3569
99,4655147c-265d-4ce1-b09b-8bf99a62fc0a
100,7bcf43c7-5666-4e30-90e5-ac67f6420ff6
101,19f73cdd-46be-429b-8efc-a82d35056ba9
102,124bcbdd-ddf0-4c78-829f-87a7ad46c491
103,77b50e36-8304-46cf-84c5-27e7dea2f464
104,bb28b44e-3a1d-4ba2-a1e1-2df73fcada09
105,bcf4ddd1-1985-405b-a673-8da8fac387d2
106,c02cd097-c4ff-4746-91eb-3c6434492603
107,d2ece373-9928-4b0a-9bb3-9b1ac28571cd
108,989d9d29-96b1-4916-9a42-5bc2a68fa7db
109,58f9715d-a826-4b86-ae29-6d7ec15e05ba
110,34e8d545-1639-4a03-be3d-3404a71164d9
111,f6fa399c-47a4-4055-8309-877e5268dc99
112,1d908718-398a-4df0-901b-9a159d64a6d2
113,35d7b606-e410-4d0f-897a-5a857d73d7a3
114,f2ecb6c0-60ca-438f-87b5-0d5d78ca34da
115,223d6294-eeaa-42a4-afd0-98d4c3365514
116,f6b4912c-8265-4a78-98de-fe2089fd8878
117,5b61e847-5ec8-4756-975b-23b3e8e9fe30
118,8394a429-758f-464e-a0e5-aa9e9cc7120d
119,3a55f4e4-2962-42d3-9af9-8ddcd5e7a636
120,3432304f-d55b-4cff-8b6a-b04afd9fbb7c
121,599ff559-64d3-489d-9579-cb93f4d81f0e
122,fe335bd3-031d-4875-96ff-c5521bc6dbf2
123,af50d7dd-0ff8-4ef1-a1a1-d35a3c7ce20a
124,4abfea17-791b-4a5b-9d11-a8aced4f13f5
125,b139867e-40de-4299-b325-8f4542517d48
126,6705a302-d746-4c08-ba00-5ccf9465758c
127,4302f947-10dd-44c5-a340-43751a80f12c
128,698e45c2-39c8-4c4f-ae21-7b3501f9372a
129,67e0692b-747d-4b1b-9839-3ddaef7b7417
130,5a862a06-8a63-4db7-83ec-1b06ae620813
131,83c8bb8e-7060-47cc-9fab-31f382689994
132,b1dbd016-dc5d-4760-b792-c541503f2e14
133,06d7434e-de08-478b-b10c-8d4a05d90420
134,9fa2d833-b45f-4184-896d-928be31a4a89
135,83e370a7-c276-4706-b9be-34dcdbd4db0e
136,8a48084d-041d-4f64-831f-fb5c967b072a
137,de6f4d97-3673-473c-bb1e-60decfe8a038
138,8535710d-7ab8-4ae2-adac-b937c8578e7d
139,499cefff-1d14-414e-a210-7e1512d967ef
140,a9322501-2b59-415f-aecc-2421c467bca1
141,252f41ea-b0c7-422b-9c69-e56c670284ef
142,f5be6718-4464-4f54-a3bb-49f8255efb68
143,728ed381-edb9-4511-a53e-4442991e9862
144,f88a39c9-4ee2-472a-ae8a-0bdc6e7af358
145,8a5a49ea-1732-4b72-a872-d8184ac79181
146,b30aa623-1a14-4cbb-a5c9-f11a61a4e889
147,eea1cc20-c921-4bae-bfe6-4b4d10b41e1d
148,dd31e9fb-b547-4cd2-9da1-03eba019c540
149,fa70d0a3-7317-4ee0-bea3-3a25289e4849
150,e7d05229-87a1-4e93-9fd2-426834d61bd5
151,7925b524-f8fd-4e64-a9ba-067b91534875
152,4317e0f7-696e-444f-8be9-e579e87573e1
153,9af58de4-4e10-44da-83d8-1c0799e81c4b
154,4abd5395-736f-4858-9976-5425afb0943c
155,85e86eee-bd1d-40e8-80a8-bbf0273f1f39
156,4ba8e0f1-8cc9-4aa8-af6a-23006410fde9
157,3fb16157-8d56-4431-b3a5-6edbbf4440bf
158,00fd594a-43e3-4c37-9c07-4c3f0d3349a3
159,841c41f7-c218-4572-86dd-67e171a2f977
160,e17324e4-0f8a-44c7-94df-c8d0725dd7a4
161,78293eb5-6469-456b-a662-deaf68f7b71b
162,cca46a6a-15fa-4092-9c22-7910f108db79
163,13a70252-7545-466b-ad0a-62db6db8502f
164,ec100897-a42c-480c-9ca4-05a0345132d7
165,9813ad95-7ba1-4306-a9e5-2e46412527d6
166,8748e7f3-3b5d-4141-a966-5846cb8773c0
167,d1d36b1f-ff32-490a-a5fc-ba2a4419bc34
168,2010f10f-4dfd-4863-8d3b-31ae0438c5f7
169,d6ce62bc-0c6a-4cf0-9923-527b2178dbba
170,9432c52c-a042-42e9-b266-c5d552583035
171,e67cf4aa-a84a-4b5b-b426-b58e507523f8
172,7e0619fc-2152-41f0-9e45-88720eeb8a25
173,4d25a081-ffe8-4815-b3a9-972fbfdac3c4
174,c86808ad-994d-484d-a437-245fcede01b4
175,930cde3b-c745-4e6d-85fe-c5509b138279
176,151d1486-e152-40c8-9761-569f9666cce5
177,fb4f2cdf-c47f-4e24-991f-40f71c41ab4d
178,17efdd1b-1b0e-45fd-b272-723ed7b1e6fa
179,977ac1a1-d1a7-43a2-b05c-1bddbfb3d85a
180,ee3d58ba-901f-437d-aa02-6d99ad139007
181,613ab59c-f5d1-4ab2-8170-cb2a16b811cb
182,63b4d439-8700-49dd-8fdd-ef246a0efa3d
183,a55a128e-c308-4349-b96e-757353323707
184,479d8343-35d1-4b27-b76b-169727426809
185,474a40ca-08f1-4e0b-a910-10e78bd6d4cf
186,a6551c8e-9a05-44b9-af2f-470becb6bdfa
187,cce9f7e3-0d03-40c8-b1b0-e32f7c61595b
188,391976a0-a295-4da5-9f3d-c50d9a7b52e8
189,41a27ba5-b6e1-43bc-b2f8-18ca1ba02b26
190,5aea7fa5-b507-454f-bc97-5e6886d87939
191,dc5363f9-ce06-40b7-bed5-ae65da690f02
192,ba6fa22f-c3e8-4502-8c71-13b1805a324c
193,93c403e5-14f9-4b56-af9e-afba5f812f55
194,f84f3b78-c842-491e-96a6-443de81d74ba
195,847014ce-38c1-448f-a630-80a910d4fd04
196,3d97095f-a6a3-4330-a2f2-e72b07d11946
197,2ab023dc-8463-4856-aae0-b835cd5b3fdc
198,86671c93-388d-4c80-b221-ac7578533085
199,036b572f-a696-4207-9b06-436afd9a689a
200,0008148e-364f-40cb-af79-c18ab870c0b4
201,9ade0b87-fe18-44d2-a2a6-5635b3207466
202,8534288d-b015-4c79-8cd1-3cea265ca030
203,9ef13ea5-67e7-40eb-b052-6f0924d0df46
204,84301ef8-2dba-4415-8a27-cfba1815fbd8
205,cd19e532-6ad8-404d-85d9-06e3ee273f64
206,9fd94742-fc82-4c27-9ef3-c57f0e1b8eea
207,e8120669-cdee-4df1-a6c6-d17ab48ab41a
208,410a4c36-a4ae-454d-994e-633fc2dccebc
209,5f298678-24fa-4177-86f2-c2fd369d0dbd
210,b19025b5-7e8b-4472-8d60-45f7cc9fcd33
211,78ff3eb0-a2ac-4f9d-a7b8-86b9a0b21c96
212,d62aa24b-6e8c-498c-b427-26226c5a669e
213,81b4bdb7-f380-48de-b629-cd5c3ae9a5ca
214,d1666208-f3dc-45d3-997f-e660dde9d993
215,d51acd02-d7f8-4e2f-9c18-c2a81f991733
216,701aec24-bc6e-4272-8f49-ab6e426142b7
217,dbb6c521-3891-4f04-9336-9cb3fa946666
218,149b1b34-3b0e-4d3e-9dd8-bb0ac46f2105
219,cef78039-57dd-4a1c-ada6-0e64e69302b2
220,f540ef2d-34ed-433a-b423-74b832f9cad5
221,0e302e72-b993-4cf5-9920-b8dff2d4e10b
222,afa2d9c7-9d97-4c58-8248-eac64e3d2525
223,dc298820-bef1-4d9c-ae23-a4d3dc4b4358
224,657a65ef-a80f-4e60-a3d6-442afd9797dc
225,5eb446ac-c838-40c8-91be-9e2c64c3f56b
226,4a3773fd-de2a-4d7c-80e6-d08f6ba58294
227,3ea813a9-c460-487f-b46b-bc800d4c8e9c
228,8edca632-1a12-4950-9fe3-6390ad1205cc
229,a3f26db0-1811-4b4d-91cb-c5961986dc0f
230,4a6eb672-bee2-482a-9fc9-2f405636850d
231,2291e36b-0247-4303-b091-26e8f2e2acdf
232,639bbd56-1c85-4776-9f08-e88247f4db4d
233,983e52f6-2be3-41a9-8136-8500281866aa
234,c2c6844e-1207-4b99-8af8-9dbe63aab99e
235,0c2d54d8-6b62-42d6-aac5-f6daebd7d99d
236,bac560c6-9f47-4b33-9e3e-ea476f09b75f
237,463514a3-9831-4847-891b-ba23ee1a4499
238,b00dce3c-0863-48b5-a635-80305dbb68cd
239,08029c34-2ac8-444a-a417-51ab2b290b82
240,42009c40-8428-46fb-84d7-7f80967db801
241,04818988-fd5b-4cda-a8c7-c0d621bcef4c
242,1c760b3f-c765-46aa-a78a-d14351cabd9d
243,9f367eb3-73e2-425b-89d9-1e7797cd25cd
244,ecfd7c05-014a-40d2-bae3-0bfe3321fef8
245,516caf2d-5859-40c5-8848-c649f78b8bbd
246,028f32a5-c01e-4c33-8c0e-5dd73c9241b9
247,009f3db5-e5f7-4200-8777-090f3e49ef35
248,736c72ca-d701-45e6-88d1-b217d1ae819a
249,c2c2caf7-b201-4203-a1ef-92072bda7b03
250,c7e623ec-1253-494e-975a-b43a2bd44121
251,b5bb94bc-ab36-4a74-b5af-92d03768a9de
252,f00acca7-010b-4159-b0f5-f766100309d3
253,899cd024-d229-4629-a976-549e417ef6f7
254,f75f6370-6e4a-4d12-b7c6-02aa0d7faa6d
255,0625f086-ebe5-4264-b049-b6564dc743cc
256,bf0f2fbc-9158-443d-b2c7-f88be580464f
257,4d67b118-8e16-4885-b7ab-0403d7eb8190
258,6d203d24-0567-402c-b32c-bb6b98261551
259,ea5fca69-7e96-43f3-9ab2-6969d0425c69
260,8819992e-386b-409d-a31b-b361bf8f7741
261,df6d39a7-0347-4b43-b1e1-797637fbf15a
262,27ccc7fa-9fe6-483e-bd79-25367c60fc65
263,8029334f-900d-45af-bd0f-36310ef5dc0c
264,5bbabfb8-15b8-466a-8423-18f340ac19e2
265,25865b05-96cc-475f-8340-590b6ba0944e
266,009e375c-533b-457c-88bd-9ca1c0f72fbb
267,b3c70ab8-8974-4d13-83c3-a9d030893885
268,9f8b020d-fea3-421f-9218-ca631c8d7dbf
269,4ca7cb47-78ca-43a9-b1ab-d6fb9af0faf4
270,7f20298d-10a2-4f52-9942-10a02175e9cb
271,79db4411-0e93-47fb-a332-a4678fcce749
272,64f238ed-74bc-4c17-a986-612fc32146fb
273,0fb1c958-a2f1-4e0b-abc6-5fb308656b6e
274,9c3d6b37-f256-49e0-9470-a6f11bbee395
275,5711a749-3dcc-4b97-91f6-60ed6c001939
276,b9cf761a-c249-4261-a2e2-521325feecf5
277,4f78c1f2-74af-4a9c-ae6c-5e22cbdbd531
278,d1b1e3e1-2534-4f97-85e5-665c07cb8ce7
279,221002f9-50a0-43e5-ac15-704536d5f999
280,b6e75a89-1153-417f-9743-8b14f0b68b9a
281,320b2825-408d-4115-ba8a-9619c67e48e3
282,ab82a865-0b53-4ee2-9c87-07ec98f33951
283,ff229b01-b09b-4816-8bb1-eef78cdb27af
284,5c2e1877-c5f2-4027-bcd3-8e8a250defec
285,436ecbaf-b158-4e9f-afae-035d4b7bd33c
286,43d2cdb0-169d-45f7-8486-fa1022a97069
287,418b1842-6e99-406f-b35f-b376159f6b49
288,995a044f-1485-456b-a108-f5e185e02c3d
289,64223c90-daf5-4c42-baac-17a1cb22598f
290,4ee6cd1b-9ecd-442e-8b54-e6cf0d237c47
291,fbc261ea-b4c3-4d6c-a861-dc03ed444c64
292,c944f757-55be-4a5c-af5a-12f142c66786
293,093aed58-e800-4a3b-816a-8779b41ae752
294,1abadbe8-03e9-4f14-80f6-aeb78d54cd2d
295,ead85542-b765-4c77-aa8e-fde39757f4ad
296,11ce9077-880e-4898-98bc-bb658e3ac58e
297,554d8f36-9d22-4e5a-b2d4-636981ac2ff9
298,e37a8193-9616-4a1a-8b8d-af66f4e334b7
299,bc350c3d-253e-4296-9970-8b57102ba893
300,d2c0f859-7629-4359-8557-53b8a632cffb
301,a06cbcf1-b553-4b02-9432-d6970460b73d
302,76ff34f7-9547-4123-8cd6-e6801184b826
303,85f28c28-5a58-4333-9a1e-e4e1d2b614a1
304,996f0fa1-9226-4aed-9205-b197068b6f7c
305,9787cd48-fd7a-4701-82d4-9e4909fa371e
306,ae4e9d8e-7efd-47d2-8f83-3e43aec310d6
307,8f745320-a557-416f-a144-d3472aafe7ce
308,722acb14-3cbd-4fb6-b28f-168147df9611
309,33e93cb4-f225-4427-bfcf-91298fbe40ab
310,bc6e77a8-8a6c-464f-8e82-5556c2ad4618
311,bfd6eba7-f451-4246-9a42-9bff46ecc601
312,544231a8-16a3-4801-8d06-551d85794dc9
313,704e89fe-dc89-4884-ad67-9f1950c1b82e
314,918ec603-56a0-453b-87ff-40209e2a9dbc
315,80d6d632-8316-45af-bdcd-0e93afdb1d30
316,79fdf707-2ca1-437c-96cd-2b65cf497f6b
317,620e4893-85bf-4107-88ec-304618dd0d19
318,8cbdbdd4-8559-45e3-a7d7-bb7c4505878a
319,61c00dbe-a118-48a5-9658-e7b96ed98267
320,f2c1806b-6d83-4fac-bf19-463e3637c45f
321,88d903bd-742e-42e8-9671-ab1fbd477f84
322,92de3579-9aaf-4f45-a832-665d814af6e6
323,51749645-d7f2-4c3d-b629-e77e60622096
324,7bc8536c-c6f6-4efb-8add-cbb1d3a7d3fa
325,20285443-3c42-4adc-bacf-4313a4ce2114
326,cbafa417-599d-43d0-82b3-5ca3a3b99cda
327,1ad9d34f-0322-4c2e-9805-ca7a96bc259f
328,d8c35232-7dd8-42c1-8d0d-56ccfb0d3327
329,f40fc40b-0ad7-4d74-a599-de4ae6b45a97
330,31414e81-bca6-4a4a-b419-26237da4b647
331,1ee5510a-10c4-4d44-b72f-917238267b93
332,3089c31e-fc3e-486f-90d0-b8a41b10ea5d
333,75bd993c-303e-40aa-a460-1601aefe13ae
334,17937173-2b79-490e-8978-3de3ced4f179
335,bd32ae6a-6da5-49be-9407-34805f6f9bcd
336,fb7c6a7d-bcc4-4d9d-a91d-bdc15e75e542
337,273dd3f8-3c67-4b70-8079-a93f2944319b
338,7943a506-44de-4ce9-8de3-c98abecc8a98
339,8a0b6272-57fe-4c36-9057-ac4a67017a39
340,724fc011-f218-4ae7-8c5e-4c2c93cbd5db
341,0cd8e62f-2b08-4bae-9f19-a4a4780a191f
342,4d2236f0-d274-4782-9e2d-0ff9bd5bbe42
343,cda0e7b9-f18f-4c64-a808-25accb7de09d
344,3f01558d-f45b-4b8f-a17f-ccb256d6b384
345,732c02a4-2f18-45df-9f00-d57dd1d1d23e
346,1873ae78-f723-4631-80c1-224ac7fba574
347,2d6b6dee-efed-45ce-952e-c7af38d9bc7e
348,3ed6ec0d-9b4f-4043-8b4d-824262e15966
349,ba5864e9-4708-49f1-a80f-c881ceb9fca9
350,a6a0facc-4738-4d81-88df-136ce7e0bca0
351,89c1e8c6-a743-421b-b27f-a19fd1815f57
352,f4a17fa2-a831-43dd-8e87-94d484110ae9
353,75a73dde-ae87-443a-8257-9bdc9c44c338
354,9e5df148-b3d4-4471-bb34-a2246d2c6a9e
355,ebd4823e-a2a7-4aec-bfb6-42078b18b23b
356,72e45f44-481e-4add-8778-09d883ae3204
357,77ec82f8-31ac-460b-b355-1745899e8dfa
358,d1e302ef-2998-4547-8c9b-14d8a5748775
359,83294416-9896-403d-b43e-0f06a31bf636
360,bc199aab-c8a5-4fe7-be4e-41fefa8f8728
361,9b8ca524-7138-4f8d-a261-18360238867d
362,4a87289b-d634-4f1a-b627-50f23ae79621
363,66c15317-99b3-47a2-9fc7-34edd8b58e1a
364,9e6183e4-fed9-426d-b41e-c8c361cc3360
365,7fc67d82-8d0c-4956-bdef-7c4efad079cb
366,f86c9fd7-db38-4dee-b591-710dc7597788
367,e59073a1-7603-4523-8629-bfa7956d119a
368,1d972d83-fb5c-4b5d-a648-ddf7c21b4e92
369,b66ffdea-67c3-42b8-b00f-5a5b3e465e72
370,69b5e36e-61c2-4653-be53-ef382337c972
371,2875acd7-0dad-4bf6-b6f1-12d521377649
372,4241973e-63da-4959-8f18-243d5edef08b
373,bbba41be-8d29-43e8-a87f-ba6070170b78
374,e74d454c-7218-428c-ad68-a5514c002d18
375,07b73388-be25-432f-8c18-c053d9eec81f
376,7031937b-08f9-45ab-b7de-11a1ada1d81c
377,ed894239-6a15-4ea1-a225-4a8edffb4aba
378,6fefedec-8790-4e1d-9c53-0a4adec703e4
379,230d43fe-ed66-4087-b9b5-f2839e6f87a2
380,bb6f2e14-d062-44e8-94ec-04356d03054f
381,76bdd6ff-d495-4ecf-9224-0a2781fffc90
382,485f4dba-234e-4470-9ca2-f4282e42caf1
383,80cd15c3-74b7-4c36-8330-249dae9899ea
384,3e2ea192-ca7c-435d-b139-ddfa233c073c
385,4c913f5d-e8cb-4d1a-b080-565e52422a67
386,db61d173-dcf6-4e45-a61e-e7e806505d75
387,5cf148a4-536b-40cd-903d-58210f93dce2
388,db9c3e50-f738-4aae-93cc-6e79382fcdda
389,90f80eb2-3f14-48c6-bcc3-e49911404aa2
390,f337eb26-03c8-464f-a022-878e1316dada
391,7614a8cb-a60f-495b-997f-d6fefef1458a
392,f1b1cec9-0d6d-4fe1-8d99-86a057a54f14
393,e6a0fe65-169b-4e42-b1d3-7adb5e7e5f88
394,ff61deda-6f54-442b-9c23-d5e8dabbaa31
395,b68fe45f-7221-4fc4-a17c-4822883490b3
396,6e844375-cb7f-4a5a-b390-1ace6f4abb4f
397,ee3bbac6-4f9d-49f3-9596-a761c0808ac8
398,4411dae7-f0b5-47e8-bfb0-b71067e5b532
399,203997ff-dc6d-4d81-ba93-d5f4100e34f7
400,19207cd9-31da-4762-b155-26913afcc383
401,392c3200-dd65-4f51-ad4e-0863768bf6c1
402,8fc98f56-90c5-4e6c-ac82-cf3cc02ee836
403,209786ff-5867-4d52-81e9-7b6481422114
404,3a3b81e4-898e-460e-96ca-be06bb06aec6
405,b513e9c9-69e3-40eb-ab66-38d5c5f554a8
406,497f8748-5941-439b-9fc1-630aa90f5ce5
407,5634d615-a953-4c95-a49b-379bcb267383
408,6129e4be-e38b-4cba-a824-4e2a3ee2b142
409,21c71f10-a16d-45af-9957-9dadf3ffd546
410,6ac99717-a19a-4a57-865f-b81e94682a82
411,f1c036be-43c1-473a-a423-eb388732b98f
412,1ae3d625-760d-4421-9879-4ccef99612ce
413,856dea38-3759-422e-a438-aa45443d42ed
414,d50812fc-7a1f-468e-9a49-fc86170b2a51
415,992ba9a9-f93b-4662-ad69-22abf3abe235
416,f4488b56-5ea7-4806-b3a9-9b94dfe33af6
417,fa11da13-e6b8-40e2-b953-50c3f0e01abb
418,206d6537-7096-418d-8df5-28a85d152d40
419,233294e8-8c8f-4d7e-b3a2-1c62adb35300
420,a4eaa59d-e2da-4700-aba4-7da2ca1ef7ce
421,cde3feb0-a96e-49d9-b2a3-df37d0965cb9
422,fe9dc12f-b555-483c-a66c-19d3758ce3e3
423,aba3660d-b4cf-443c-825d-8d8a933582b0
424,adf9f5e1-a5ba-4232-bbb4-c402870416e3
425,efde5126-3e03-418c-a64a-446f6ea6703d
426,51d83a2b-3c92-477c-8187-091cf73b291b
427,b17adb24-5d64-4909-a611-8fe851c629fd
428,d147675f-2186-4865-bb9e-83b56f2fbd35
429,df1cb908-222b-4f69-ba3b-46644ab21a74
430,8047afa8-3c3c-4b37-8072-0784be35c39e
431,0fa52968-1ace-4a89-875f-727e3f507ba9
432,ff8a2161-5179-472f-9db2-424f0c3f0047
433,311b1a5e-3fcb-40d1-b502-5adcbccc9f5e
434,dd6cec63-b129-429f-a7d6-3a31b55b4c41
435,f66e15b5-c2c7-4c36-ab38-0afe8c6a63e6
436,e29f3a76-a9a5-4e83-9a7a-286f498b938b
437,dfcbcfa3-a84d-4cfc-8226-9298e703bfc6
438,7e556512-0286-4f97-9d8c-16ee33e5f08d
439,80a7b8dc-bcc4-4970-9089-26744438f523
440,b80a47a6-0051-45f0-9fad-b8b0984a61d8
441,364acc76-fe52-4d3d-86d9-cff9b0ba47a9
442,3219a3d1-71b8-4dab-8b16-4a3bf4b4b8a9
443,764a0a77-30f1-48fe-9050-8601a9b8f95b
444,6c861cb5-d0d7-434e-8507-de7304f7fa01
445,bcfabe5a-1922-4f00-8f32-a74a8b4eefb5
446,0f89b043-18dd-43cd-9a7b-3c42b8fb9bc8
447,8f580fb5-917d-43bc-89e7-9666cc0f9a47
448,0357a84f-8718-4d49-bb15-a60d3ec54507
449,2aa18aad-2b06-43ee-8588-f47d3f296f9a
450,70fdccce-61df-47ab-9bf3-c12b7b3fe4bc
451,7db14aa1-3ae7-4e88-ab3a-4479447ea1de
452,7311638d-5aad-41f3-82d7-3932d2148e34
453,d90f6548-c594-445f-a6af-4245483ef833
454,8e8a5157-bdab-48a6-8ff6-bca3ddcf390f
455,7b5ad1a7-4110-45ee-89f0-73ccbef880a6
456,c1cf9d60-b141-4c43-bf3e-8e3c2f541a85
457,ec8a1ba6-48f3-421b-bd2c-3c99216f8e0c
458,f74f2587-3e88-46e1-9c0c-aa850015a663
459,b6d4705d-2f8c-4717-9a00-9e4d160ed5b5
460,4d1a699b-3667-4eea-b398-68f15e618a96
461,0459e3a6-cb45-407a-9253-5932f530c21d
462,e734fbd1-e360-4d46-9440-30255ff92df1
463,bc502a59-00dd-465f-ad27-ba9a6e6ecfd0
464,59cc9aad-30c6-4c06-a278-850134e685cf
465,ffbf3aa2-4547-4500-aa7c-ada32b798eeb
466,45ab1d4b-27fc-4c35-8ab3-e9737fe4abd6
467,41ef35fc-942f-40df-9d99-a8aecf7e180c
468,9c1fa4e6-6a61-43e9-8ccf-2e0c53379f47
469,e3cb71ab-d03a-4b5a-b897-6bee551e5cdc
470,2b17ce37-3868-405a-9c07-897122815555
471,bb46897f-4c18-441f-bb8b-4f1473392709
472,78bf0a79-4b47-43a8-a3a4-d4a8057ad592
473,c7b3767a-678b-401b-9eef-14e7a13753fd
474,08c30dcb-4709-48a3-acb6-698cca8dcdb9
475,37f99c90-f584-4667-855d-032c345d04dd
476,8d7774b6-6791-4d97-94a2-9d14f3a21f0f
477,95d023b7-eed1-4540-9fda-015248002d2d
478,99aa800b-7985-4d83-b2ad-f77adb1250f1
479,4226cc9f-220b-431d-945f-a8da9f925a5a
480,d0a146bb-196f-4114-83e1-b52416061f43
481,8ec39b38-ea78-4f1a-ae9b-4fe05877a48b
482,9a0022c2-cc44-455c-9658-751586ca7a26
483,12d5b5bf-720f-462e-87d3-0268878bab1c
484,7b44ece1-2dab-4d65-bba0-78181807a4a1
485,3ab2f2f8-611e-407e-99ac-35f47bb40cc4
486,5e83dfae-2b17-4c06-8e27-caa7cbb82289
487,58aed3d4-1df5-4239-8768-7ad09f40162e
488,70db28ea-45b2-4b3c-910e-fb3296a0044f
489,187bb166-d889-44c7-a634-947e1eabf845
490,b5ba62e4-595c-4a9f-a101-46084c6702d6
491,79bf6980-e0a5-4c08-add8-fff64aab300a
492,30729c2c-6170-4515-b09f-1c128ccb377d
493,d8e8ae14-5898-478a-a726-50dc5e14cd46
494,bd48073f-9f88-4df1-800a-5e58b5cd91d6
495,718361e5-60e1-49dd-9dba-2ccb552f6193
496,3ca98595-90e1-4541-99a2-afcf9fc75c3d
497,99bb4ea4-f059-417b-b206-c9feefb69352
498,b6c9c947-bb6a-4683-be23-ed3f487fc8b0
499,ba343f4e-f65d-46bb-83f4-cbbc95078249
500,da1d97cd-de01-4ddb-bd4f-39dde836f79e
501,d24530f0-3ded-455c-9052-e8881dca6730
502,f2e75df5-493f-4462-9bda-76fcbfbbf078
503,e778bf9d-9ece-47c4-94fc-917e83ac4cf4
504,8fe7b0d8-62b9-4bed-b36a-e308c90b0ca7
505,ab0e0bc0-7390-4f82-ab42-636e4dffe5fe
506,7518c7bf-6908-4997-8ca5-b33419c172e0
507,a00849eb-c65f-4d80-a32c-50679ff9084e
508,6b1caf84-f426-456c-9d1a-5a02f71de274
509,999bca05-2d8b-4b04-94ec-54ebccc4a54c
510,91f89c8a-6c0d-4276-a233-4f0ef858616e
511,08b185ff-43c7-46aa-9977-2b0ea134265e
512,d6143547-edd7-4693-9c10-307026de2ed0
513,5a0e4c93-85f8-4f85-942a-9173447346c0
514,a5889ee3-6ebd-4fd9-b8fb-d21616dbaad2
515,2efd602c-33aa-4875-ad00-a444b942e02d
516,9af76208-a517-4334-aca4-c6fcd4b1344d
517,253d9703-7d5f-450b-b2a3-971fb288fa78
518,8a0b6d6c-f956-4127-a54f-878b27b58a96
519,1c4102d4-e8a7-424b-9ad9-80249d97b945
520,e7ed996d-257b-4591-bce2-c3a9a071e85a
521,a84ab820-82d4-4939-8f05-f0babbb0c195
522,35ba6238-28ae-44ff-9be5-9bc00a78a304
523,b11d08d4-920f-45d7-a558-2e97ce6692db
524,20d2be35-3b5b-4867-a785-929545cf1d22
525,e756ff16-de6e-4ff7-bf90-cb9e0dfe943b
526,a2563a66-44e4-47ea-ba23-ee28fb32fe9e
527,13a24526-c8bb-4a9b-ae8e-c051402afe51
528,41069c39-4b40-4de1-bb6b-23203a35a358
529,54471753-1851-42ad-83fb-24de5cb2a117
530,37b588a3-ecd7-438a-9596-59fbaa588ccb
531,651accb7-02e4-4ad0-b4bb-5b4443c3415e
532,bc199ae5-b903-4ddd-bebb-ee9c4e6c0bc5
533,ab12f98a-0ce1-4c56-a622-e0fedf338ff9
534,80ce77d1-4bec-4d19-8075-d079e28d2d95
535,a2eb6f2b-cb52-46c6-b1dd-20be14b081ca
536,527aff90-28f7-40ec-b280-06e96040c444
537,aa1d27be-46cf-45d8-9bac-c97b40f7365f
538,4bc3c42c-37ff-43b7-9165-6a1be0b2c1cf
539,680dee58-1bdc-489b-976a-aff1d7a8718b
540,0be29315-369b-462f-8206-d1525c90bc6f
541,4fc2cc8b-1e02-42fd-9adc-36e21fd4dd87
542,c5f1b83c-ad37-4ebe-9fd1-f57216a1a834
543,fe6b1c16-c6b3-4192-9fd8-fcb02a24e406
544,e7ef6ba7-2f8b-4e52-9778-671fd4b7e269
545,c33acb13-66f4-45b8-b9ba-23b6d6c60da8
546,5223e9da-17bc-4517-bc12-5354c262d9e2
547,48c9e348-3afa-4885-bb5c-01059297a6b8
548,b0d0b047-89bd-4190-982e-eeadd5174a5c
549,4f7ec303-1b24-454e-989e-1204fec288cb
550,2bc79c6a-4177-4068-8554-ed4c9c5c7511
551,30c4e10c-4601-41d7-a849-401df949b4b0
552,3e4e4111-5a0d-442f-8461-9635a9dcf911
553,00f2ca8f-72ea-4513-b340-b44d1b4e6a3c
554,fadd86d1-f16d-432c-a35e-6b78c0aec561
555,12656247-a605-48a2-96a5-6ff188d5e5d7
556,1c8f103c-b316-432a-ac1a-7d67fd31b2a7
557,d13f6b41-cb74-46cb-809f-cd4a599a896c
558,67f67d9a-7afa-4111-b434-dd578726b3d1
559,f47ceefe-9460-4c90-ac37-b65a5b2ccbee
560,b9110ec4-e193-4307-b98f-d47975817598
561,eae4851c-a6ff-4863-b390-48f6e01ed686
562,0a246d44-543c-4660-aa6c-4d9c3ef1aa47
563,5ffbb73b-a0ce-4e84-a58d-81aa9733fe1e
564,a76538a7-af23-4040-bcd1-f242690d50be
565,67e8aa28-f1be-4665-901d-f3f3e9a1eef2
566,aa307d1e-e672-48e5-8909-0bd03bcc7603
567,086ebdc2-0be9-4557-870d-e086a97d1cd1
568,fb2bb76a-e146-497f-affa-c8a81641b74e
569,b6ca2ead-d8fb-434d-beaf-a3a5f01492b4
570,2ccc6080-bde1-4f75-99f9-25843432dac9
571,7da8576a-ffd0-473c-92b7-89d7192ee4ec
572,8bdd44e9-5d02-4b25-a11f-57f1e517448c
573,6f1f726a-19e1-467a-9323-7990512dedac
574,e8dbadfa-779b-4ccb-978c-2a963bb1dc50
575,831f11cf-e82f-4e7b-9938-e95759105295
576,ee5aaf95-2cd8-403a-b7ae-81165c29a62c
577,983797c6-8997-41f8-aaad-a4a73552f111
578,53c82e86-03ae-4af9-aeca-90d8acf6dd7c
579,f99a5167-bf2b-4ee4-9fbe-0efe7c23dc32
580,52e8db3f-2306-4de6-bd70-35f803a729fd
581,9e1d0321-b6e3-49b8-bd37-ff95814d8ee2
582,c96030f4-84e7-49de-8159-69791f4b5a54
583,171a4c2f-a11d-468e-b29e-6f474ca7f83d
584,682edb39-82a0-44a5-adc5-0d6c042a9204
585,6b03704c-be6f-4d2b-a83b-2e59642cccc4
586,25b3a4b9-d4ec-4fdc-b536-27d4835b95e4
587,3e103900-82c3-41be-bbd2-47c51fbf6d6b
588,ef8a67df-fa6f-4846-b495-a68f6478c5ea
589,67f7b930-1495-4b74-adb4-e98726654213
590,fd71812f-11a6-4ce6-9e71-d2dc0e3c1887
591,fcf23fb4-a97c-4e1c-be14-344b510e85d8
592,ec8a219f-a924-4c55-ac79-8418b48e0550
593,20235c6d-896c-4131-adcc-1cf4fccadf20
594,ed960424-0e21-41cf-9f14-59d5d21db023
595,3b969aaf-2b0d-4313-acbd-24d4bedb79a5
596,2757ad78-6caf-442c-a4ca-df34ef523fda
597,0120518d-85e6-4f43-affb-6d57cbefde6c
598,662c7db6-b99b-4fdc-a647-7625ab607d77
599,49a8ee7b-cb98-4b54-82a0-ca7480436881
600,c1105121-c32d-484e-96a3-7550fd9eba3a
601,615420e6-400f-476c-b53b-2f8f1ddb7843
602,7b5ed415-fe56-4ee5-b908-0fd8909680f1
603,ddd7b3a1-de7a-4e29-be5b-04bf64facfde
604,fb16aca7-3d8c-4031-8c4e-aa249d96358a
605,b30e78c2-51bc-4266-b469-7e9a711b2a08
606,ae7c5db6-0440-4f99-bd09-02e4eb4a4d80
607,2089ad01-dc65-40cb-abca-76d6275f3f3c
608,78394c26-759b-46a9-951e-b30291516106
609,9afcc6e4-1fdb-4671-963e-4cb0faab823f
610,1067225b-3a66-4a29-9351-52a0475b9b0b
611,06d69b85-2de0-49af-b594-995b1c37d28c
612,784909bf-e91b-43d6-8423-758746cd7030
613,c7d28ed1-fad5-4251-a411-aaed758b2201
614,256a04b6-625e-4d10-a2b2-9ec5761eddbd
615,d5487811-cb48-41a0-8f20-9d3f35d3b9f4
616,d8607b57-685f-48b5-a41b-0040ca795a64
617,195c376d-58c8-4961-9a92-e3c8e773065f
618,7de37554-8c60-4dc9-b4f2-af70073e1af3
619,423576f0-f758-40f5-a831-24adcaf05819
620,dd62a038-dc96-4111-8d5d-7ba311f1594a
621,7a6ded7f-0efa-47ce-9ecb-8595e3ca4e7d
622,217088fd-3cb0-4018-a67b-1a39c1d660d6
623,c05a8f1a-8fcb-4d53-818d-a331e90584a1
624,ec71fc49-1a99-479b-8927-03edfa2fd6d5
625,5125e9bf-cfa9-4b86-bc15-fe171c405fa3
626,b609989b-96ed-4911-bf3a-e5594476d788
627,50db521b-7a12-414f-9194-308351b97eb2
628,8d541eaa-dd24-4613-a229-d89ace2bdee9
629,11d80f88-d840-4f06-9544-716d519ec222
630,7f61f640-f0c2-400f-90ee-8df17e7a8eb0
631,0cd8efb9-c259-40e7-8522-43039873b138
632,e0090658-bcf7-47cb-a59a-a3008539bb9b
633,0846df2a-055d-43e5-8f8d-774998a3d1f5
634,bcd6ade4-b5bb-4173-8e79-a24221047a3e
635,d5a481b5-ed70-49ff-b2b5-b7da90204c71
636,4a9c64f1-e286-4090-b097-3456f1910dfc
637,3f019397-19a5-4ec3-8a2b-527212b8cdbb
638,df1a7786-6b6d-4218-97bc-9473e0e87dc5
639,3f6a18cb-0603-47ba-8e82-5cf4a6e9fa62
640,f1b0cd6c-8772-46c2-8681-56e7a54f6b50
641,2026c20e-6228-4705-a329-4dd4e29fa343
642,6e7971f3-24d4-498e-a6c5-900f58b893bd
643,8a7a66bf-5ae5-4943-b501-aca1ee5bda02
644,9887b5cd-0542-4af0-9a8a-8a21e6d90a5f
645,f5bcd387-02f1-4e0e-9227-7a0d371d4c58
646,c8cb4ac0-d01f-44ba-be7f-d63d390a4cd2
647,28504fcd-1173-4061-883b-580cbe474035
648,b1e6e42f-405a-443a-9d1d-0c8eb8b24ed1
649,fda0403f-806e-43e6-a4f5-e778bb564b23
650,54e98895-adc0-4f65-92c1-c2a89be25e4b
651,3fa5a565-56a6-4443-acdf-965245e57e2c
652,7080efe0-4bdf-469b-8fd6-1c2964ff8d35
653,389954a2-ee19-4698-86b4-442823eb2190
654,24a87877-5abe-444a-a963-2f704514b7c4
655,069267f0-1bc0-411f-a37e-4b93c933ec3d
656,fcd8a07d-c856-44dc-a483-aff760733c7e
657,5ff87965-471a-4085-82c4-cb7bd5e1d5fc
658,c5b0d349-a288-4466-95ee-56c254d6efb3
659,d69900f3-7a0e-473c-a400-708bfd5c65eb
660,83031ab4-e5a9-4571-a4d1-656ceed42e0e
661,2f950a06-60c5-419d-aeac-b195927a81b4
662,2e1cc947-d092-46f1-8e3b-ad36c797cd53
663,20a920d3-ab36-47f9-9375-db26777039b9
664,1fadf8cd-e35d-4365-a0b8-30b1c6cc1b5c
665,2ed17073-0ae9-4aea-aa5a-40aa6ff4ce23
666,1a73a2a9-2f5c-44ac-b97a-1acd09507797
667,c86b13c9-1403-438c-b22f-b3852df029ba
668,fe2f2578-ed3e-449c-b6d6-ba447adfcb6d
669,fc7df487-6183-415d-bb9b-27cc2fe40bfa
670,9e066e38-05c0-4568-84d0-2f7dd7d85290
671,eddbabdb-3250-4f82-aae9-8217c8001a4a
672,d39fbffa-2021-4218-a979-7fdeb2cf93be
673,540120a5-c25d-425a-9338-40a00a3934b2
674,f5b2255a-b138-43a2-8462-c0f92515f6be
675,ce0620b1-4cce-4a01-9dd7-9cb6f51ed043
676,0ca40d15-7852-49df-be5a-9df410c4d575
677,115532ff-4663-4427-a081-fd801d737a1d
678,64f47492-c82d-49eb-af60-5431b3e6419c
679,f117634d-4ad4-4862-89c9-1f76d116d17e
680,a09cc463-2d61-40d7-bee0-4aee163e798a
681,cb98c277-6b2c-42eb-a5cf-e9d6731abb90
682,9a6a01a8-37ae-4bd4-acea-3930f362384a
683,8c0b5531-6428-4118-add8-c92f43bae99c
684,06bb439c-9fef-4394-92a4-a681077efefc
685,47625d04-800a-4ded-98e0-2782977eddc2
686,f0f2fb2f-292b-4e48-aec1-814e410497df
687,5f539b9d-6e51-4c2c-a364-579efb018b31
688,fb8c69f2-773c-4cd8-9e5b-c77c0bdc1742
689,50d057d1-5b2b-42bc-936e-e86adff2d473
690,c604ab68-d307-4b23-a741-13d95e04904f
691,1cca4aba-db56-43dc-8850-196e2d1aabb5
692,659b9009-6366-4b0e-8edc-d4ee2e02956f
693,7bbad1e4-39bb-4833-91dc-363d2ec092c7
694,1e5c5064-a4d9-4fac-b89e-5e979fe95e87
695,494f7ea4-1bac-4dcb-a731-87ba13b686e8
696,4836d171-f977-4f7f-9ce2-444a0c1e4cc6
697,6c265a3b-caf6-4532-8bb2-0d48dee1a9f1
698,c8f71cc9-0f9e-444b-861b-d5e54b39ebb8
699,da78827a-d517-4d44-bea7-b599eacb64ea
700,afe1f700-fe4e-4159-b0a3-78ef57779e1f
701,78f6b190-6f63-49cf-b29d-d9be1548a6b3
702,c6632a70-420b-4b5b-9ee9-a7c2469bef9e
703,7caca7a1-ab5d-4890-a676-e10c97ce277f
704,c3a48ab4-1f7f-4ce2-8cca-d6d67a41a7c9
705,5e04f97f-df4d-4458-9e40-e4b230b83755
706,39402630-8d1d-46ad-97c6-7ad1cc2fd12a
707,f81a8909-cde5-49b7-be34-0c136cfe8177
708,f3a9b552-0e19-4647-9fe8-1c0f5d0436c2
709,e4e51590-755a-417a-91a2-ca801e61bef2
710,2c61708c-ca5f-4c9f-a2ca-a3708a69a5b0
711,9fd49fce-6dff-4f4b-8ba2-679ceacc70a7
712,3e57a404-88eb-4a47-bb39-fcef420595d5
713,de0f1ab8-8321-477f-9077-928d158426c7
714,0d091816-e012-4d17-9f52-4eb6ad3e4484
715,6f50f425-fb42-48d1-8dbf-89fb9285c9e4
716,0add6516-f80e-4cf2-9739-0c97a2d531ec
717,5579735a-ca76-4325-a6c4-31a88153f67f
718,d1afe18f-3e51-4433-a98b-df5318881ffe
719,64aecf26-1a76-4470-bb4b-3e9acf300ac5
720,fa7037ee-16d9-4050-9f17-0f9b1789adb2
721,89787df2-7628-4fa3-b779-a42c70ed5b37
722,9da90d2a-c7f9-4ea9-bf0a-60b0845e4d57
723,1b1d7e4e-2b9d-42c5-963d-2230029d64b7
724,17a10913-fe51-4bc3-b5ca-c368136b3639
725,fbd55179-e710-4e0b-b70e-5dcab8ca0768
726,75dc8854-bad5-466d-8729-2c217a2eb545
727,af9595fa-108c-4c5a-a55d-9fc4890d9d31
728,dc324d0e-b11b-4b7b-9dc7-eb84f775a244
729,77b89112-b268-44c6-a184-6bcb0f00d979
730,b356e48c-ac62-4405-975e-b816f2cdc99f
731,fceec3c5-3aff-44ad-b104-c59e585e6f2e
732,33b10f3b-0094-48c2-9d69-91a927b4291b
733,141bfa75-066c-471a-acdc-2a4c1515af79
734,16a13c29-11e3-4253-b524-33f7eba0aac3
735,26a1c9f2-b626-4b1a-ad0f-ef3e7788f2ef
736,f9d3bfa5-4a11-4a31-ae71-a827a0c861d6
737,875c04e4-939a-44e6-88c8-82263e40389b
738,56397056-17bb-40d3-9517-a6c12e474002
739,fb4900e7-efa0-4703-8217-352582be2852
740,e89bfc21-ae2f-466c-9acd-6d8403c40962
741,bd780d78-86cd-4acd-ba26-33c0361168b1
742,e286e97f-b6ba-4e7c-91a7-d61cae278afe
743,de21737e-25eb-4d77-a648-b801bc3bd45c
744,5f8bf45b-172f-4746-9998-6e1016d22810
745,1c2326a6-c339-4f5e-946b-cf4a4806ac5d
746,ca33467f-ea4b-4d8d-bfb0-b08d6a91426c
747,6d9d515c-d609-494c-869c-531272d82f15
748,7bb40a44-0024-481b-83e2-3f2f8c7b0d70
749,2860bd4c-b23d-4251-8db3-bf1845d0b9e2
750,f27d3620-dfa5-4cad-95f3-5685b62169c8
751,3da1b773-0237-4b84-aa45-49b3879233ad
752,a1472ddf-dacc-48ab-85cd-f7469146153a
753,365f5d5e-2417-4281-aa2e-0739a47e1d77
754,d15ed8f5-77a1-47ec-8942-950096daa37d
755,228b4c48-2d17-408b-bbe9-fa2587a70f2d
756,d047d158-ba35-404e-8ef8-30713abb10ca
757,4153a17c-40eb-413e-8199-7694945efd2e
758,cc3e5217-bb39-4e30-a9a3-47588c63408b
759,400ea839-9eca-421e-9db2-f2a57cc21b60
760,1e343ef1-c683-4605-b8ef-3d86e10392c0
761,63907bee-a026-4a12-b969-352568320efd
762,80fa58ae-7054-4975-9a31-d9f96350021e
763,79a8ef39-f857-4471-9d4b-0b7a7c257974
764,dbd1bd74-a56e-40ab-811b-4fce35d3c5de
765,768af3ff-c530-41a0-a9ae-fd18e8abfe8a
766,cb6dc240-16cb-4ec8-bed2-f7da801a9628
767,d6a4d1a2-f8c8-4092-b07e-2ded536589a5
768,80dd4150-33db-4d6d-8535-9cb5fbb04a45
769,aac8bd25-e154-4ba8-a47d-4eae9a57ffc4
770,9833c095-94ab-44e3-901f-a54ef1f14dfa
771,82b90943-20ab-4cf3-8526-9ab2bc6780eb
772,78145151-f04e-40b4-a077-aa61c70c12e6
773,281f8617-e260-4011-856c-9b62098e0569
774,bde8d595-6b42-48d3-b75a-562bd3dba9a6
775,830fc285-7da6-446f-9ca5-9c1b3b56426a
776,4b0849f2-7b16-49ff-971b-ae0983572f3c
777,3d09fd64-699b-493c-8182-46209b8fde8d
778,8093b298-b905-4141-8cbd-37f4e20ddb53
779,489a7e3a-3a98-456c-b8c2-d95cf177f00d
780,b2a406dd-279a-480b-ad25-08e60c6d2ebb
781,cdfc9c90-9fa2-4b17-9327-5436b2e09e34
782,9de211d8-84ce-4979-9c49-7a56986a45a7
783,9a8052e1-3fb7-4a67-a025-0076747eeaed
784,9e9eb83e-edbc-4138-af87-270f67efb4c5
785,a37988bd-a691-4eed-bb35-1a52bc93a111
786,e3d7dbd4-ca52-49e4-b166-ecf429f20144
787,03917d38-5730-4dbc-b00a-3938fe2f1136
788,bd46daf7-2d57-4178-bba9-12b9a0622aaf
789,56e9fada-5f3e-4d3e-a23b-c710ba668f5f
790,7c7838ad-469d-44c9-a605-3f8c09b49524
791,b98b7177-f5dc-48e5-9a8a-69d762dc76b2
792,49c8b389-df48-41fd-b5f7-79585c39c434
793,d253e03f-c3c6-424e-9ef9-27740e9d98f2
794,54573638-36e0-4234-860b-88757e7aab03
795,d0a3b078-7b92-415b-9389-54a5cea00f5f
796,d9701aa1-9e0d-4078-aa69-89747353d824
797,0d784bbd-b9a2-4ca5-bc05-590096b91149
798,60eb07e6-63e6-4baa-b2d4-b945a399d155
799,f0f5ee57-454b-4e4b-8330-a174914b7648
800,20b6f111-e0a9-42d3-a543-849e24d9cc8b
801,e035a7fd-b345-4629-ab35-6897484f6b3c
802,3e1220df-dcfe-466c-b2a5-060aec490a3e
803,a4144856-a410-4f36-ad17-fd072705a6f8
804,e6bae9bf-b7e2-45f8-b319-1f33eae9fc53
805,ba16280b-c3b3-451f-b654-10318eddb656
806,8e495001-f8fc-4425-8612-8fac0e7d0522
807,c569c115-ae1c-4da2-af56-85b764cec4b0
808,7ff06986-1018-4388-be85-b189eaea0a2f
809,c87807a6-ec3d-4a5a-9534-4781c7c6d1a1
810,68ed4745-68d8-43dc-88ee-c5dbbf5c7729
811,5ff65ebc-370f-49e6-b4a0-6e47345f2479
812,5d7b3bea-0a65-42fc-bc30-426bf9beb708
813,6fb4c28a-24fa-4f43-9ee1-61ae833f1a78
814,ee5e94be-cff4-40d2-8dcf-6eb296b6b918
815,176c86d0-6941-4c8b-bed3-72523ebe2fc6
816,db03ca50-fcd8-4cc8-ac94-4605843d010b
817,0979fd8b-2bb4-4454-bdaf-bc2dc4a17b57
818,0416a1f1-b7cf-43ce-912f-fa015d84c928
819,71d7d8b6-79be-481c-a296-c3c4394b4280
820,6b928c26-6fe8-4074-b7e0-4aa49ce38660
821,75d51864-610a-4d82-90a8-a2c0582875eb
822,54267ceb-a071-4040-8bf3-a04ac53e10be
823,547e3063-176e-426b-8022-db03213a19f6
824,4d6a20e1-87fc-488e-8719-1a803072e6c7
825,6ac73420-7406-4369-9d53-685df04b5a08
826,aea5f659-4760-4b03-8188-adf89847546c
827,54950a0e-1049-4845-b97f-b99928216831
828,686caf30-7f17-45dd-840a-4b50b15d29e2
829,3b6d0897-1f14-4d8b-8ed5-4322e4e88bd5
830,8f1c6758-a554-4b38-8866-b281f53d4e90
831,b93ea729-d35d-4e22-b061-d4e6e6042bc0
832,dcb79b37-ca43-4b0c-a200-dcfa7577e98f
833,75bc882c-faf0-40f3-a6e8-b3b3d3d39478
834,ff114158-b3eb-4256-8b66-1b9de8762e67
835,8c903b7a-2ad9-4022-8953-3f6a998a277d
836,63f797e4-968e-4af0-a955-932764f8ce11
837,b574e6c4-3095-4d8e-a70f-6fe673fcf55c
838,45bb086a-cd2d-4980-9941-ef6738f6e070
839,2d887ccb-2fdf-4247-b8e1-533c3df6e47b
840,e61d151a-cadd-40bf-a767-dd4ada9011f8
841,9ee30de2-19a7-4b00-acd9-6f5ac1118e9d
842,7d4bf8ae-2b7e-4ca7-9861-39bea9d74b84
843,a41bdaae-911f-4bcc-b11b-5acae1baac78
844,4b0c78e0-807b-45c1-b4a1-348a7a11d5f3
845,7a8a9eb5-d511-4875-9688-a5e4b33750a1
846,bf2dd630-9b92-4f30-bc2d-971ce944279f
847,85b9351f-d00e-4aff-bbaf-82ef4fd619bf
848,970f292f-fd0e-49bc-bd89-dc5ea565ef6e
849,0a249903-c467-4d90-bbd1-ceb0eaa801c0
850,ff8c9109-2741-47a9-a0a2-934310ac40fa
851,b90fea80-ae2d-41ee-89a1-0b868eb5a329
852,c52e81cf-82e2-4756-829b-3ca0f83f2701
853,5274165a-1669-42ad-92db-1d05ae93614c
854,bfcc6544-f2d1-453f-9093-4cdfd13994c9
855,f671a4d2-84bb-4179-b951-418be3f86293
856,b29a4962-b1c3-4738-9b64-a1950893476f
857,b06f5a3c-bf4f-4765-9d9a-b5d0303011f6
858,31ff053c-745d-4885-b39a-39e51b8035ec
859,df452c47-e149-4b4f-9906-03b462441c52
860,f5023b25-9c9e-4563-97f7-115412a2964a
861,120ef369-f28f-45cf-9b54-f24a5e81e220
862,ef82ecb0-aad0-4b6a-a484-555115deb978
863,e8dc7c62-91c9-4cd0-8fd4-9119604ea0e0
864,ed7571a4-7363-4a89-84a1-0504f055e9a2
865,daf14c3a-5bd6-4377-ae7b-c3f1c880e055
866,98b4c737-64b6-41cb-b762-fc8ac686e8d7
867,d11cc13c-3026-4ce6-870b-fefa4fc5aaf6
868,b4c616a0-c4b2-46b0-b68d-5aabc13fd7a7
869,e7a360d8-921c-4f95-9fab-71c1cf809af2
870,d120da6f-6931-4e01-9e1f-a63f25715aa0
871,ecf249bc-bc65-40cd-a06b-ef7af63c546d
872,1b1e71c7-785f-4d0c-8652-d7791a950846
873,e47880f1-2718-48b9-a900-c3e07886f928
874,cb80d551-7eea-4cda-8165-4220301f5d66
875,1c216521-9660-4513-8cb6-4ccef9d0b18f
876,8eb150a3-7141-4ffd-b57a-53c78e31f981
877,aad351b9-0d5b-436f-9d4a-6b7befc4a8ab
878,beb115ed-1d7c-4547-9272-b29004cff535
879,03e553c7-0f81-4ae9-8ee4-0471e706c856
880,2f81873b-dc6a-47c9-9e4c-4230b76d65b2
881,d13158f7-b3e5-42b0-8791-0f9297f51147
882,b38b34e1-dbb1-4f28-bed2-5085aba664b2
883,58c90d0a-7ec1-45a6-9ec6-e976ad745971
884,61d6b8ef-ccf9-4ca3-90f2-a7302e7c2ecb
885,3f606658-98d8-4cea-b7df-f8f71a615052
886,9907fdf1-c02b-4464-a8c6-4fe4f5e14ce8
887,f1bc6646-e3e1-4bcb-859c-6391111752d5
888,b7d1500b-1195-4972-8e35-33338a35ae3e
889,886e1db1-711c-4c93-85cb-2898cf6bfefa
890,74e4d963-aeee-4d52-9ff5-99647acb76ef
891,ec538018-706f-447e-8ac6-2aa4c60b6064
892,5b4dc177-d158-4444-9e84-464e75330b2e
893,1e7d7ee5-ecb7-4b33-89f8-51ba9e1ccc9f
894,218f3e75-474a-4432-a2da-24ff1b7448a1
895,f7a0bd29-3ec8-4a7e-a65d-3ee2de32de4b
896,c947e043-d935-4e34-8c58-705a84cf5574
897,87d37025-16d5-45ac-b37b-c77694f98226
898,b01b6f77-fba1-4c4f-9ef6-de9da95b4f13
899,c095afa2-7d02-4815-bebf-b7f3195a547b
900,c86401d3-017e-43f3-9e82-4e09d38b514e
901,9ff1a2d9-e7c6-4b0f-b8ed-8aa329013154
902,8638693b-5b8f-4e14-8506-33453b9b3179
903,06904a60-8af9-429c-8349-58d78563add3
904,caf4de28-0dc9-4160-8bed-c51aa8e0b4bb
905,95aa765c-9fdf-4a23-97ea-2d62a8ee9aea
906,7c38b6ee-7971-4cca-8fcb-00335e0023c6
907,dbbed5e5-025a-4535-ba72-cb140a90c865
908,1dc1d008-1c22-40c5-a429-877b18cdbfbc
909,1f6c485f-d4ce-4253-8a5d-1057af218b61
910,a6134aa6-7644-4d50-bd50-3c3e3f4ac9c9
911,24f64083-283e-4898-bfa1-ef638ecfaeaa
912,a42839ad-d333-497e-b03f-3fe0316f0fcf
913,adb2c733-3f5f-40f1-9612-655c715565fb
914,7231c44e-ba7f-4202-ad76-5dda46b52f02
915,181e4fab-6660-4843-904e-3907a31aa2b4
916,f0f1d183-bc78-4464-99b1-b9ee31689a44
917,a57d0e97-8118-437c-bc8c-36993d0f06c7
918,2ee761a6-bc78-43b3-b3f1-04a36ce6d3b9
919,dc662d7c-e05f-4299-923e-7139a507b94d
920,a2bc0977-0377-46e7-ba87-1789b50f286e
921,8db57967-37b5-46e7-84d6-a60ef3b777a3
922,688066b9-c619-4109-b003-a791ecbeec4b
923,942dac25-1ee7-437a-809a-1c674602faae
924,d5ee5b65-46b7-49f0-b28f-0c75c366f936
925,78db33bf-bd74-47bb-aac7-10ede46cd0e3
926,bb3ec2ae-7597-4e1b-851a-2d52cc2d1a63
927,3ed8857b-2f38-491b-9fb6-110777cf841d
928,c857bea4-0467-4484-bbe5-1bc3f83f18d8
929,16e5d816-b046-48fb-b6b4-e0c40e075fc8
930,b017ad30-8821-453b-9bb5-af1033069577
931,d874b4fb-1823-46dd-b0d3-4703b6056989
932,d24dd984-7b4f-480e-aa3c-7248727131a1
933,ccf41672-81f9-4bc2-8d50-bea755f34fe6
934,23d56be1-96b3-4653-a22b-72c7d46d4d80
935,3f7a9d25-1b11-46ee-aaab-7c6595f5ada2
936,24e1a4ff-cab8-4dc7-8365-1a2e13287dea
937,f4ac80ed-61c5-4c06-a489-c37f50cbc2cc
938,94f48df6-b4c8-4d7e-b49e-e4db4cfa0fc9
939,761e8e96-0ae2-4583-b5e8-10f998602130
940,5730b43c-5fc7-4b69-a227-b9411047bd94
941,687dcf98-7232-425a-82dc-eaca0fcbb34d
942,e7a52a73-c730-4bb7-9fc2-db4ebc3f27d5
943,b9019fde-1492-4a65-a001-89d3a4101334
944,165cdcec-c80a-442b-b3e6-4647f8da7164
945,0468cd5c-d326-429b-8bbe-e423a3a450c1
946,9f06b979-f34c-4c32-95e3-ce62149328a1
947,caab9923-065c-4be6-b2e5-b095895c5acc
948,3c46cb30-003f-40d7-a8d5-b3575b6e8477
949,dd760c45-f355-4c78-a8b2-5cdc5d876877
950,64158aad-5288-45da-972b-fe2165d58989
951,bd796860-302b-4090-9c5d-ac6a9c761b16
952,a2f2359e-3ca6-4c1f-94af-6be5e93c7448
953,6ea68625-8ef5-49b2-9970-ff85f9520619
954,b96474bb-fe63-4bc0-bd50-892b163254a6
955,ef4794a3-124e-4e5d-b2f8-7cd132695159
956,abdd9ede-52fd-4a45-9da4-384603837400
957,d05afa87-b75a-409e-8532-009a2258beba
958,3e68624b-278f-40ca-9606-03ef370e9043
959,35f8090f-34d3-4073-b51b-27fda7ae55f1
960,9fb3d1b3-b02a-484f-955f-93a23a8be6f4
961,434ffeb9-10f2-4a52-b620-5428b638175e
962,511fde28-3fc7-46be-854d-587d0525329b
963,cdca0286-0836-49c7-b2fb-d3887aa66f7b
964,6d60ea90-ef58-4dd4-8047-78cf527726c4
965,ff7afb85-d9ee-43f4-bd22-8d7d167a5883
966,fae70b4e-fbed-4784-ae7c-db7e3c9a791f
967,cac4f887-3aaf-4b69-ac4e-e034fd41235d
968,84f083d8-8dfd-4cb0-ab39-e2ba2e285624
969,db3b6663-9eeb-40a5-9612-686b08618ac9
970,cac3229a-c1fe-497f-963b-4afa296e884c
971,68aa8c6b-5634-4b62-8742-23448691080f
972,fe751c71-9151-4639-a3a7-40e6633b79c1
973,350b2cb4-2290-4ec7-8a39-94dc48f929eb
974,5c4900ab-f274-4317-b1b1-eafaab663b15
975,40b362da-284f-41cb-944d-fa3f9aba6f5a
976,ac58816b-b097-4701-9bc0-440f08ed795c
977,4e78cd4a-c649-4c9c-96b6-3399d0b85781
978,1996690c-1013-4ec3-af1e-bc5f1e1fa1dc
979,d5c76f19-cead-4170-b7e6-bbed9e719228
980,7a6ab88d-7cda-401e-98a2-5ccd747f6bc5
981,3f6aa2ac-cd5a-4cf4-9aa5-abe86b9b3e93
982,bdcfa8e9-3ac7-464a-ba98-5c668731a137
983,5a027fee-70fc-405d-b3ed-560dc2b79fb8
984,6bb78b5d-089e-43dd-b778-911e125be206
985,43f6b61d-45b3-485f-a397-c362789eca8e
986,69b2f483-6e2b-478d-8c1e-c68d4e25f385
987,7c8c0821-6c13-40f8-9043-0aa2977d1312
988,5457786e-f898-4967-8771-2d8b3ae31060
989,1ea4fcdb-0c87-48c5-b0a4-5e7413aab2e5
990,d30d7065-0bc1-45cc-9024-06df5677c739
991,3618c4e1-df0c-4b31-a27b-7a6fd7666561
992,2280f6da-4508-438f-a1b9-bbcac111b1d8
993,1af9ebdd-abea-4832-aca1-2dd8b359f1a1
994,acaeeab1-4f72-4b9e-b6c3-9a8bc4a2e855
995,c0e15108-6ca7-4ae6-b57b-fa0ea9bac67a
996,149206fd-7c42-4790-869a-ff36a3b89ae2
997,0a2d2c0d-7db7-4109-939d-4a1240f9599d
998,dddc51eb-4d77-4365-b9d0-46410405b187
999,5f4976a9-fbff-4ea3-a30d-4e804a493bf0
1000,df07dfab-b26c-40c2-93de-48c3d80d6c25
1001,9491eb2a-2521-444c-97d6-3bedc89db6a3
1002,fe5f5b2c-391b-4845-9eac-2216d51f79f3
1003,b4a6e209-8117-49be-910b-f8f9452eafc6
1004,5aed7ead-f2c7-4ac3-ab52-5c353d880120
1005,29ae3d56-9a25-4335-960f-80a0a21693d8
1006,b2533509-7897-4431-9b64-61283d5ba2d8
1007,a4f4ab18-3b9f-4a95-bdd2-410570593293
1008,face1ecd-9434-4706-be6b-1b8e13ac0773
1009,388173d2-3515-4c4c-9cc6-a62ebe043007
1010,49719ef9-3e11-4dd3-a721-f9fb8b7bd33e
1011,50c501a5-bf55-4818-9bc7-aae8a159ea5f
1012,9242976f-7df6-49da-bdad-e34e031970c9
1013,9f1f42df-552a-4edf-9bc9-6811143c2b6c
1014,26a3f629-1a6b-4e90-9a6b-cf9ddc959e4a
1015,4f7616da-7835-449d-9127-063341362476
1016,889f67e3-6000-4794-98ae-04259ec1aecd
1017,4b6064e9-a6d9-4862-92ed-e659ba1cbd70
1018,ad09157b-bdea-4063-a941-f1e65d2dfe93
1019,259cb2e2-5e1e-44aa-a738-6b5af1bbf78b
1020,68ed4188-5364-48ef-ba56-7186877b770d
1021,b7e5a6ab-b204-405d-a766-98b06fcf596d
1022,6b70dc72-91e6-486d-b185-b478aef16c8e
1023,49f8081e-81ae-4338-8187-afd5a0f7915a
1024,8448bd6f-c45b-45a9-8532-eab5a7c97c5d
1025,08c7fce5-9f71-4550-aa78-eed186e674dc
1026,0df250ab-9114-4fa4-95bd-e02754c7b589
1027,2d4ea51f-dfe2-4ffe-b2a7-5b89cff04921
1028,0c92609d-61b6-4ad1-ab60-7cc7a517bf4d
1029,0ba9fe25-8bf8-427f-a0ff-6b4ed0d93c4f
1030,20561594-0c7d-4b51-9474-9a4ea694707e
1031,1d7da204-eb80-4b76-b587-f0811fe3c02c
1032,d564f5a2-f8a9-4567-abfd-a6e94826d45a
1033,96d2c618-0280-4f76-add2-0e08df0afaf2
1034,fac00204-1cf9-448a-b47d-7712c9c72c13
1035,e53fdc78-d213-4e50-b7f8-7ba944f58cfe
1036,a3c94cec-8fb7-48c4-8f03-97b8fec4c9ed
1037,792490c8-ef3c-482c-8129-50ed059cad3e
1038,98534b04-e15c-4b9c-8769-941f4e46fe6d
1039,185f70b8-bdc8-415e-9863-1eb4cd79750c
1040,5229612e-c64a-4562-9aeb-43b36874ae0c
1041,1575ab64-e44c-40e9-b578-56438c65f1e0
1042,c3ccd62a-f056-4217-a4d8-e0eebf752204
1043,df487665-a182-422e-9160-455291efaf8f
1044,23d8d64e-5678-476a-b56a-90c756507732
1045,74d4705b-bd59-4e18-becb-b69a991875dc
1046,2a48c9a4-99f9-4994-bcfc-e87d09f4383a
1047,a40953f5-c125-47ab-875d-de4f2cc8dd60
1048,c2fc51d9-b006-4383-b5f7-d97eb64d473b
1049,33879189-a658-4b8f-bee5-f2869ab4bc5e
1050,6666485c-4462-43a6-8d82-3b10301ae4ee
1051,9912ecea-005c-4ca9-977f-c65d9514296f
1052,d758fdb3-a246-4d58-8a26-2dbe4b0a7dd4
1053,7b57fd77-0cde-440b-8449-fe2003ae8f14
1054,247d020a-8f5e-4a97-89ac-7721a4e9ace4
1055,8d5653c1-7da9-49e2-a663-5e51ab1390da
1056,200e628d-dd5f-4c92-8268-06e0ca608e55
1057,0eb5b327-465b-4ab5-a516-a89ee2214592
1058,7b2d2904-cc34-4381-b900-5cb2c640e7e6
1059,a11ff92e-40ee-46ef-b0f6-f546bfb2c685
1060,aad86d15-5192-419e-9229-eca322f9e472
1061,80a412ff-cd88-4407-8650-22b3cf65f5a2
1062,51c51019-c2a8-44bb-8615-77cec3ba477d
1063,320e3ba4-06bd-47d5-a00a-967852839638
1064,80f320c0-78fa-4af1-b4ad-ed106910a7f8
1065,33837bac-1c07-41f4-84fe-201da9b53e59
1066,98473d48-58aa-4ccf-b384-7831173bcd42
1067,27d1d43b-b057-4c27-aae6-b7c7fb70788f
1068,7a6e9469-c933-4af7-8d2d-49aafcad5e19
1069,d94e61cb-d63f-4e3b-8e74-10b6a7c35ef5
1070,758a128a-ba4f-4910-bd96-82535bc0a4c5
1071,b3ac943f-08f6-476e-b548-5ac2fb1d93eb
1072,baffc1c2-e0b3-404d-a752-4d920461f0e7
1073,2e1422a0-cc84-48da-b1c3-4bbc6fb1e9be
1074,8043877d-b6a4-4b1e-90b7-0fad4a5f5fea
1075,2ff1ecad-b729-4ae0-994c-69b7a2a94101
1076,43c8ac39-671b-40dd-9ccc-35649b042a6e
1077,352bec02-bf48-4ea4-9ee0-dded000b6f3c
1078,8aa65974-5648-460a-ac7b-04f17e006072
1079,67d101fb-7e1a-4a7c-8c76-a4e93b643518
1080,809899f5-8df9-4c75-b041-6ca120826719
1081,930522f1-4004-4b2b-a989-73e3b62528e5
1082,6c4923a1-30cf-4583-a06a-d470054e65bb
1083,de86cc69-03c2-4de0-801a-48fbe7f1240d
1084,f8a3797d-e5f6-4ea9-9323-f47948ba4f73
1085,81d2a2b1-dcf5-4cba-a89e-39e6be625859
1086,fb91153b-1a57-4ff8-b093-aeae4e97d57e
1087,fe8762ff-7467-455a-946b-803b45f5ba94
1088,ce2283b2-307f-46fd-9a0c-d33ede029b17
1089,23b70d22-9c24-4d20-8253-401114ed3617
1090,6a431897-67dd-4618-b7e6-eee9e2b8bda5
1091,15c63634-32fe-49cc-829e-6889d77792c3
1092,86908d47-0abe-426e-9f91-6b09a5af9be1
1093,c08a388b-8a46-4c57-b192-6f7ca1075d10
1094,5627c693-41d9-4fc6-ada3-a6bb5c7bd31a
1095,36eb2974-aced-4a1c-96a5-9172cde88a7c
1096,606bbe2b-c1ef-4f23-93a2-4b96fe4dad18
1097,cc338d8f-8888-4929-98c0-8011ba20ec3c
1098,07fe69bf-4f76-4948-95e2-3b2187c52383
1099,91fb2fbf-8d58-4b1b-9fbf-dbd8eba1fc1f
1100,26e7b1fe-afc0-460d-b90c-878179e2c6a0
1101,2d3080db-62c5-4bb2-8ef0-080de760b6e5
1102,266cee16-0666-415c-8a62-f33d3245a10d
1103,72a215a1-fb58-498d-93d5-1ecf8378d5a3
1104,0f6d8848-bb8e-459a-b00c-5c4796481e34
1105,698e3ac7-8758-437a-a994-1d78dcf5eae8
1106,b4098729-6cd1-4ad4-976c-420e17a3db6a
1107,348a4e84-ad86-4739-a3a2-fcd6851c515a
1108,edeafb0f-8670-47bf-bd93-47df9efb9874
1109,7af5fa7f-f240-47e4-ac79-36500f54e64e
1110,48efebcc-f062-4bfe-a4bd-bdf0554d4ba8
1111,d01acf6a-1370-428c-a50f-24812e019db2
1112,ed23f846-ae35-42cd-bd07-20a729a0369e
1113,f3ba7ecc-d37f-47e6-b270-273bfc55303d
1114,9500636f-78c7-48c3-9e4b-3ce00f4bdec7
1115,b9754d9d-611e-4118-99cb-ca606ff2e159
1116,c7638481-0662-474b-81dc-9259d03d538c
1117,49dcf727-b517-431a-8603-526f3d3e7ce2
1118,9b2f434f-89ea-4b10-a999-9e8fb77da465
1119,3cf1f250-1117-4138-8c3c-0725d595b3ce
1120,7c187301-b4fb-4ee8-9b46-d548d8147d53
1121,7a26d1b3-9d66-4edc-86d6-c2c7a6af6df8
1122,422f2ff0-a0c0-4a7e-a94c-eb714f8c6895
1123,71166ff4-f14b-4235-8f09-3a3227b9d242
1124,3f14c1ce-e8dc-4099-a072-c92518b85878
1125,d7c93516-8bf1-4c13-a431-045c76c2796b
1126,4b9d2c2c-2289-4aef-bfd1-a09b99dca792
1127,b6ca5cd6-fec7-4325-8c97-de843fc47a4e
1128,3d821451-502c-45bc-a298-5fba8c1bff6a
1129,837f6655-20b2-4beb-a6dc-b1e0e26f72fe
1130,afcef16c-4fca-45bf-8011-7c0074fc3c18
1131,5d11644b-cc19-4e96-9823-6af6c4ddccd2
1132,85fa83f1-8b6a-40ca-87be-cf89658468c0
1133,ef713001-d7ff-4a32-a1a5-b94b952c6295
1134,b333987d-3a37-4def-b0b6-59c4a1e7fecd
1135,1a5a7808-783e-4667-93a5-08106de86f59
1136,b9db8d5c-9295-457e-8390-336c0538982a
1137,8ff44394-307d-4678-bc4c-0e19aa79f38f
1138,c03213c9-f37a-4c90-8165-e480f561e9e1
1139,9ff699e7-9fad-4847-8441-6f08b63674bb
1140,3feac400-cd11-4100-8f04-28d358069ae3
1141,a89ec6a6-c678-4d87-be15-29bb9758e4e4
1142,a7821b13-c77c-41c8-8199-dcdb8208a743
1143,a959a786-11fb-4e70-a71f-cdc61a968d61
1144,c0328b32-1d68-4b73-b213-7ec6c16f518f
1145,13b38c08-3691-41fa-b7f9-001859f72e61
1146,b98faf47-0431-4436-bf5b-822af046bf02
1147,d8236b93-be8a-42ad-8114-2c4aea1110ff
1148,ac5f20dd-2c5e-43e8-bd9c-50b122ce1344
1149,7b9c6273-92e5-4edd-9537-b641c27e51d7
1150,fa5b3e5f-058a-4f0c-b55c-63d3bd5617f5
1151,5ce63d17-cfe0-4264-8b6c-c1714c09d39e
1152,ad7a68d9-4562-44c5-85bd-87a4a7e8781a
1153,a2a38fc9-c99c-465b-8648-1033f97d7d11
1154,524e504e-0c8f-4da6-a983-fc482a7faced
1155,b7454722-522d-4355-93f7-5b907eb5c5ae
1156,a1114c92-7863-42b0-9008-e512b2bcf538
1157,feeee404-5985-4346-8e35-c3b4a8620566
1158,3a5abae3-f863-42d5-a37d-4f91950509e7
1159,7ade2c3a-6821-4750-9d9d-4cca2a8a19f2
1160,a0b82a0b-46fc-4f7b-b1cb-b069b0ca092b
1161,579d4e02-c796-4e90-a100-ea4bf02053ae
1162,533da323-7269-4d94-8065-afc66e6cdd35
1163,fd1d83f0-ad25-46ed-a4af-7d70ea31de16
1164,7da41080-72bc-451d-8edb-4b8c3c0ab5f0
1165,a0dd13d5-7dbb-4952-be19-854fe407f3e3
1166,c7fdd682-de4c-441a-9477-4dda33e6cbde
1167,e39baf9d-b8be-41af-b988-80563ca2761f
1168,f7c45ff2-0cc2-443a-8bbd-739514ea25f8
1169,e2128d22-2eeb-4916-811b-d95f3918c595
1170,5a5f48cb-c3c5-472b-993a-7e91ce0fa2c6
1171,ad5a1804-f84a-4888-a355-38820fdaf1e0
1172,a04aa225-42eb-43b5-9522-477f0e2d6897
1173,e29fe80e-f15d-4a98-84aa-f76b4184d6f9
1174,c58a2d25-f2e2-4e50-97fd-f3d24e60e58f
1175,22f53ae5-4377-421d-880b-c1e620757532
1176,fbb1a784-25c5-4a85-a838-6fb839d6263c
1177,eadba5a6-43dc-4c08-943f-d7a1405e0b79
1178,f0163316-bab4-4bf1-8dd1-998514ba39db
1179,3ace53a7-33e1-4fca-a0a0-ca8eef881f08
1180,875736fc-c139-4c19-b128-0dae6595efc8
1181,1120777e-22e3-4d18-9d96-f9080dfc1bcc
1182,4bfcda7b-c66b-48f7-8fad-dd89361d56e9
1183,768c8839-8bd8-416a-8c92-aa7cc3c2fa53
1184,db26ed74-2527-43e9-83cf-ae1ab32f9a1f
1185,80dc77f2-e99f-4b52-a978-0b689b91f6cd
1186,0674fd37-dd12-4886-9334-355d513aa899
1187,a1e13b9d-3a89-4970-830e-2a2e1e28461e
1188,237e5763-66c5-4dbe-9893-3bd55801d76f
1189,a9ae1fbf-862c-441b-b6c9-302ef974c30c
1190,3a7b28ef-4ee0-471c-a644-e57524f7e9a6
1191,5b4ace8d-1e63-44bf-9744-c2de342d74e0
1192,8fcc9048-f206-4060-9103-ac7f843296de
1193,22a62aed-2938-4b1e-b07e-660128c12fd3
1194,556b67c1-5e30-405d-82d6-5924f659163e
1195,0edff206-1ad9-44bd-aabb-bd5106e928ae
1196,5c834475-a20d-4023-84f9-269ce19b43be
1197,6d7ca4b2-eceb-4cb4-a0d5-c759c753fcaf
1198,d151b99e-d74f-42eb-860b-f7c0f6010a12
1199,702ebbed-4cde-4341-a122-db25e4fb3444
1200,4ae1395c-1f1b-4082-82c5-e531b0edb636
1201,8036a031-fdbd-46cd-8aa8-680cdf454915
1202,bbd049fd-de0d-4047-95aa-b92ef3d81d17
1203,7929b756-87b4-4b84-bdec-7dbbe6152aab
1204,988787ee-89a2-4e9c-9c0a-887aa0d0c6fe
1205,01df842a-c824-4dae-a8a8-6544dc128ceb
1206,753026e5-bc99-4dbf-af2a-0e4af019c0bc
1207,f0118ce0-fe5a-45fe-9aee-126c05a1f241
1208,e3044fbc-ac89-4420-81d3-33a2c2f15cb9
1209,8e4a8922-9030-480d-ab9f-a783573cc461
1210,c08e2a00-8b6a-4406-95e5-737e5e6b4888
1211,f09c3258-bf58-4805-9129-98ab237a8f58
1212,02e1425e-5b42-41fb-adcf-b3cc660809c3
1213,ac9326e3-70d7-4f5d-846f-6cc177655826
1214,0f23c9dc-f54a-4f7e-b836-8e1975bfbb6e
1215,5e74512a-ffc8-4912-b48d-72e0e283c133
1216,0771887f-9853-411e-b715-049ec9ba7a75
1217,64ed06a0-dae6-43bb-b23c-7b80411ae36d
1218,f8b2a03f-3619-43a3-93cd-978c2acae253
1219,246e45f3-a1e2-4253-8dfc-7e965bcaec0a
1220,3634aa9c-b5b7-4d15-83af-169e5fe668ac
1221,ceb1da8c-a3bf-476d-8bda-d2843a175188
1222,997020cf-90ef-406a-8d80-f846ddf0907c
1223,bba821fa-71fd-4e5b-b2db-1819a616b3c6
1224,16575136-0aa0-4bd1-9dfc-2f1b6913e061
1225,23bebe8d-dbe0-412d-baa1-61693d309a6c
1226,7b166917-4ffe-4df9-b4ac-a0625b66e0a0
1227,184a45bc-de53-4eda-a542-1a06f3de937f
1228,f9369fdb-0da3-4d88-a990-0844077d30e6
1229,736f16ec-ef85-4184-947b-5f59437e3c77
1230,541dfd1e-9808-4398-af63-534291e28c05
1231,95283bec-7a54-4a74-b849-854052cad00e
1232,192c9378-2ea8-4a10-b5cb-04404b652363
1233,9b856fbb-67ec-477d-ad23-f05c9f11dee9
1234,1f9daa49-cf52-4388-b27b-438083383f6d
1235,7352e939-e06c-485a-9733-0dc8bb21a69b
1236,2363221b-bd6b-4110-b8bf-9e15d6bdf6b3
1237,34f61aca-3dfc-48b5-bdfc-ce3ff49e9d14
1238,703dcaed-cac4-4175-8857-d3d6ebd2b3bb
1239,ae1aa987-5652-4c00-84d7-efe3cb18546c
1240,4523a3e6-7d31-4680-b504-b8f0b6fe39ba
1241,3f4fe48b-6e02-4fac-9a29-1ebaef03c6fa
1242,2c00f439-ba8a-4e23-925d-503e3c611af0
1243,82cf7e78-9e8b-4aa4-a6a5-35734fffef57
1244,acee9ba9-3985-4441-9b0e-4b977ada3d1c
1245,4b3dae7b-e8ec-4551-babe-186fbefd3192
1246,00f8b7bd-b54a-4069-90e2-70449396b223
1247,2b0f1ef0-c185-4c16-92c2-44db278169e3
1248,29915764-380a-4458-927d-5902d3a5e268
1249,c208eff8-b0cb-4008-8ddb-ca3613761a4d
1250,7729a42c-3caf-4cb1-b2d1-84327b27d51d
1251,a91f7a6a-7057-46f8-86b9-8ff04017e54b
1252,2fd22fe2-039d-41f4-89a1-4083b0666f5b
1253,e92930e9-0055-4231-8efa-441e51226bb2
1254,dd3ebe68-697f-45f8-8553-564e2f507704
1255,c82bbb31-1ed9-436b-aa76-e0c8cf9a9e0e
1256,a710a7bf-eaad-41f8-822e-e8ffc5afe9f9
1257,e5dbb026-bb56-40b8-b164-4f8bbef6470a
1258,8f2f18a5-3364-4062-a1c8-5039b258b209
1259,9f69d4e0-3e1f-4096-b315-a5816d4ee7b4
1260,97f00847-79ae-4253-94a3-a6f850f1e542
1261,c8376399-0188-4339-9af7-08a5207339b7
1262,572c5a5a-f712-4482-8df2-78170560c420
1263,2ff0e9ad-5f48-4d98-a576-e85462599914
1264,5f811ff8-b70f-41e4-9573-5e7605a7da62
1265,c089912c-a685-484f-8722-7cee3b10a479
1266,fd72dbdd-dca9-483f-af01-334976aad6b4
1267,ffece215-24d7-4652-992a-e17010577a84
1268,8b019f8b-c0c2-42bb-86b7-938723576d14
1269,b60f3e6b-fc52-4e58-9e41-e36b40247c99
1270,c217a9e1-e158-45ec-a880-e4cf3c0a4e3d
1271,c422b7ed-16f3-443c-a3a2-396476093977
1272,70befeac-7d4f-4867-9e06-66be55c56eaa
1273,0a8d6d53-4b1d-4fba-bcb0-fafc87ffa018
1274,c7850286-c7fb-4191-8e76-621ac90a7ed5
1275,babf3928-c43e-4453-9d3f-d8813b7464fa
1276,8cc2b3a8-aecc-41fe-bcea-c4f83609670a
1277,6feeefed-e69a-45ef-a763-c5f46027c6c2
1278,6c96ae15-3ebd-4360-851b-b8d321b07d91
1279,d77ebee8-0259-409c-a7e0-f18be1be8b0c
1280,3503ecba-4c9c-4d7e-b398-e003ff1313df
1281,95d24cff-0b04-4663-a803-233a9b352556
1282,cd624a6d-a61b-441b-989d-0ae8652c4ce5
1283,b235bf25-ceb3-4ce7-baae-b28f1017f60a
1284,9919da9c-6107-4e0c-9c56-76edc1761393
1285,fbdf3647-ee7a-435f-8e43-a843355644bd
1286,4f3f092e-2ace-4939-8810-913d502dc218
1287,a470c35f-d1c3-450f-8524-12b40cb0150b
1288,82a9550f-0b67-4489-ae12-6a39ef52d554
1289,57db0d08-3652-4626-b994-500fe1955046
1290,b18b2560-df3b-4bae-84b0-21ec755d27ca
1291,e87aea35-238f-42a2-9298-107e5ee9d6a4
1292,f48952c8-e288-4fe6-be44-ea900a759301
1293,c69ffec7-2350-4f6c-9090-f0940296849a
1294,9cb13ce9-ccae-41bc-a5e7-ed1a385f1c02
1295,5c1e2fb3-26c2-4e8d-bd01-4271847f898a
1296,56aba6da-6f81-4c80-8425-0aecced034ad
1297,67ac43fc-ac8b-4b0d-bb5a-2ca1921378f2
1298,e2b9de80-f8ed-4c3a-ae7d-59056d7aac1c
1299,4626ade8-ae0f-407e-a941-65915e3672db
1300,c9fee3f0-4a34-4777-87ca-0105957f5121
1301,36a196e9-9c1a-410c-8184-df83f668c50b
1302,dd32e84c-99c3-4278-9055-71af99d4a287
1303,3034c0f7-2c81-44ab-aa15-1e235e680419
1304,5b09358a-0a95-4841-acc5-cc91ef79a626
1305,9f2cc5fa-e9ef-4872-84fc-26ffa901776b
1306,fd738ff9-1032-4b28-a53f-fd32cdd799d6
1307,a408a42f-e005-46e5-95b1-0b5a8af38b12
1308,2ebd3f81-0fe8-4853-a454-bbd5ef7e3511
1309,ca5a76dc-2b6a-4adb-8767-4796dc3727ea
1310,9860ab39-1abe-4a4b-bb26-000211e1f5a1
1311,1caedc1e-7b36-41e0-98a7-bb0eea059375
1312,7d92a705-8493-4a02-b9ee-1cf3613d973f
1313,623b468f-b71c-42aa-bb0b-0c1a198f8178
1314,e59d2fc3-817a-4921-a7e3-6c6b0e14700e
1315,4fa4e920-ef69-4379-895e-161141af1362
1316,dd997493-f93b-4400-b006-aa243f3011f9
1317,c07c7ab6-227f-4bb9-a5ed-51c505e36a38
1318,28ed4bd5-eb87-4923-8a28-6adfff3023b5
1319,13413ce9-fd30-4761-9583-a421c47deade
1320,ee8e13e0-dbba-4662-913d-3d8b5c5301b1
1321,9d250fd7-353d-463d-973e-f99730f43946
1322,2125fa4d-b810-40c3-a75d-a08e0bf1e1e3
1323,84900d6c-17a5-40c3-96b1-7c5c0cae1afd
1324,4e9ab7d2-ad49-4309-ad9f-1daa292b3240
1325,a0dee106-28cc-4c2f-b4af-4e3211b155fa
1326,3e0036fc-e8c6-4e59-a421-edf1bbed1729
1327,00a9a9da-7f67-48c1-8771-a4e282951f00
1328,acf309ec-414c-4566-9e3b-d4730352dcdf
1329,ed62c114-deba-4c47-8978-8176ecabc7c4
1330,a6c4a756-7eed-4fea-a7f2-8a16b29908ca
1331,dffb5bb0-993b-4104-92ff-77e1542c8d2a
1332,52dd9179-4188-4df1-bc5f-5578001ac12a
1333,37642211-8d66-4fd0-8d58-4431ca961923
1334,5eb3fee1-7b56-4ce0-9bb3-975cd8149017
1335,4f52a958-7994-40ae-ad8b-12071fd6215f
1336,0c633cd1-c7eb-41c7-9acd-d4e3ebb1cd85
1337,daeaad0f-ffce-42d0-bd21-4f0c34d93567
1338,4ee2e5fb-988c-49d0-9ba3-cf250ac36423
1339,be954ae8-9dcd-4e74-b82f-0ea25ff98e1b
1340,17c5b3fe-0972-46a4-aa91-f6f30f097554
1341,2100ec13-4083-4724-a800-c3f1c55cd0bb
1342,55e5b538-792a-45fe-926f-df84a4b86dbe
1343,d0ea1225-799a-47f4-ac12-c45acf571e5c
1344,437a1ef1-429e-480a-bf8b-0dbf770edb4c
1345,fd6eff3f-83c1-4a44-9a2d-9262544fb16e
1346,511b4ba5-b876-4a10-bb5c-a33c49cd0e31
1347,e5f1a275-4701-4fc7-a438-bd53125258cf
1348,a1808f81-94a8-44fd-a549-8d9221d72b63
1349,60e2ffff-5d28-4511-9b0d-2217fa8c3618
1350,dbf82353-c0fa-4d73-ae02-700a267268d0
1351,8bd20228-c5e8-4363-94b3-1637be41ccc1
1352,7979471d-73a4-4171-95c3-0f4e55de7766
1353,344af50c-eaff-4743-bc47-a9aa03bdff9e
1354,eca7c307-d57a-4043-98c5-0afba351f508
1355,aeac3b80-c820-441c-85e6-d71b0aeefb85
1356,e4cc0d25-a50b-4e13-8525-99ef1eacebc6
1357,9c4321a3-d2ee-4857-872b-92cf7aa1f12c
1358,0145aa42-7f7b-4111-a857-44bd362a06c1
1359,09122a12-cacf-42f8-9d7a-8a7c8f14e646
1360,83fb48b5-9d74-4e15-aa51-b492e1624aed
1361,89c14c2f-996d-4aeb-9c91-ce580f2be306
1362,41ea5968-c102-429a-a307-cc064bf57880
1363,e300bf8a-c111-4a5c-a30c-250242f08974
1364,8cadd44f-2e7d-4ff1-8fc6-f4a080a3f8c6
1365,0703a5d3-ab6a-4fac-9678-c905bda146a1
1366,95034204-0c86-443d-a410-ff1dd5bc6f5f
1367,55e1bbb8-5257-4877-8f22-60bc44076818
1368,19131ff4-ab04-442c-b49d-067f6a0199a0
1369,aa8470fd-9a19-4b8c-b217-d4f467682f5e
1370,97b27bce-4a9b-4197-83af-b92a2b7cdc55
1371,f78b91c9-9312-4ab3-9137-410311853e2c
1372,ef359b59-3c20-4f02-91b4-1d739b0523c3
1373,6170332f-8f82-4bf4-8e0f-92413eee48e8
1374,783f1993-db45-40cf-8cff-a73516803d90
1375,0a9a8bf1-9e4f-40b2-afdc-660797e9297d
1376,187dc48f-7b57-492e-836b-d3f1eaf68ff5
1377,633b2da3-59a6-4d15-8340-68ace536d6a0
1378,04021aa0-ef4e-4d5e-8dfd-91773ea7525f
1379,1bfcbcd5-80a0-4793-8007-47c139791d4e
1380,aa251189-9399-4d66-8a0c-6649977a7c96
1381,3ad73431-3ba9-443e-829f-b19839e6ff82
1382,2bb90339-561e-4442-9784-c19332a29485
1383,7c71759f-4d75-4613-95a5-5877a6115612
1384,99a62484-a0a8-4af8-9c97-231830e161d3
1385,4fece7c2-78ba-4f1f-acaa-9d89325a25cc
1386,ccd837c1-a740-4cc4-9547-e91916780427
1387,c13c1ec3-a494-46bd-9ed0-0e7c8bdd6439
1388,3c0601ea-95fd-4c56-bce1-7cf63d5af9a9
1389,017ff968-d4d8-4de2-a710-fea029cf9181
1390,e3f59d5d-f647-4f75-a484-c8f11ad29927
1391,9b98607a-eb5a-4a29-afb5-773e0683e535
1392,13fd499c-21f9-403c-9a17-fa064ad57445
1393,cc5c2410-b55f-4a89-a9ce-da380836b486
1394,52e43f5f-e1b2-4eee-9dfb-74461239f091
1395,091f08a5-ac57-4ec1-8cf3-6c6d5340e465
1396,588f9160-b376-48d5-8f3d-c1393516ed19
1397,0a81219e-43e7-4507-b89a-40ac77ad57e1
1398,aea1bda8-762b-4152-959e-e03e4f1774fd
1399,a824e41d-c2aa-459c-9123-f7ead148ee8e
1400,b233c562-e2ff-448c-8aa4-927c88128b2b
1401,99049e98-23b7-4349-b1a2-be70ccfe3a14
1402,32e2ea79-1d5d-41da-982b-6b4086026cc4
1403,58a948b8-43b1-49bb-bebf-8ad3d965f353
1404,35d89eda-f77e-4bee-8961-75eda9e7f0d8
1405,a34f1713-37be-41dc-b6fd-fa79c16291ce
1406,a1c3f1aa-6684-4e01-b8ad-9d94d6b3b2e9
1407,45d0bae7-8bd4-4fb6-a7bb-cc432b980153
1408,447597af-36f8-4eda-84cc-d7033a735582
1409,2af5e27e-0795-4fa9-bd23-219d27a8e3d6
1410,9b5f7759-1f4f-49cd-9a60-4942f7b91a0d
1411,339d740b-7a31-4328-9e86-3645951e7e69
1412,9c347292-f88c-498b-825f-530a3ae4ba58
1413,356280c5-d9df-45c2-851c-b6583505f629
1414,7a016835-71ac-42f7-937e-0be347998a1d
1415,45ead34b-4c98-4e80-b19b-e5a6d72baefd
1416,8c34144c-6a51-4c70-ad0b-1ca56d70d201
1417,54af8a6e-0d9c-4c0f-b4be-45a1b190d8b5
1418,604c3bdd-db73-4dcd-a1a3-b5ef6f6a8a5f
1419,54be4000-eeff-46f0-9874-c7b70155cbeb
1420,a2379325-76b4-438f-be66-1cf45269ea0b
1421,4fdf9bc0-3da0-4853-b0d7-3f54a1a20d30
1422,1f764848-25f2-4c93-99eb-d5ccb07a8a7e
1423,f2ce8b37-eddc-49f6-9cc8-f8ab0e281020
1424,e8d9d991-0b73-4726-8f31-8cb07df3e5c0
1425,a3d0714b-27b6-4f83-b0ac-75300703ef29
1426,83b0b5ac-287d-412d-a28f-19be555ce1eb
1427,ce018a69-49b7-42c7-879f-453ca5242dcd
1428,39cc405f-740b-41af-9b34-50d827769e29
1429,3316214e-8207-43d3-8ce4-84ada146c076
1430,e58723ad-595a-44c3-9c3c-9c32ccf14279
1431,ae681b10-17a8-4717-b8be-dc2950b40cf9
1432,efd23988-9d3f-4c7a-bf47-cf558add334b
1433,b9c39170-5dfb-435a-9a25-7a4f59d95725
1434,5343d15a-769a-4824-aa97-9332ece8b7db
1435,bc5aef8d-5040-49a9-bfc8-7072a6c8ce24
1436,c54ef0a7-6947-4307-9879-3315d85ae427
1437,40a096fa-3528-4e41-84c0-18f8f56f49e3
1438,3071dc38-f78e-4e9a-82e8-d53d8a4b44eb
1439,bf8aa262-a5c5-458a-8613-bb81c73e436d
1440,a302d93d-cf49-4862-984f-43ef8e6c1cdf
1441,25925557-3cdd-47fd-91cc-c488f85d1293
1442,ec77c075-6202-4bc1-8e0c-ba06c2ca9387
1443,cfc4081f-9cec-403a-8555-1ed158bd0ec6
1444,286b3e20-6765-431f-93d7-de256d0955af
1445,a80a50b9-1616-4eec-a005-a6c943b49aae
1446,227d66e7-6b5d-4f62-9b0d-c953a90fc8b7
1447,35edf306-3559-454f-b349-b0f847d50d74
1448,bc06237a-49d5-41ed-8c3f-b45ce59c22d7
1449,a1bc4d6f-4f20-45ed-bc4a-ffaeb4067577
1450,5b1a8fe3-b41f-46d7-b530-8499ad892811
1451,fc62ff55-76e5-40fa-a1b2-4aeceef9f945
1452,1fccd732-e500-424c-935d-3a0d3105ae6c
1453,73cce514-2844-4ee4-bae3-0dcde4823c8c
1454,be142835-a78a-472b-aadb-90be46afe494
1455,14d69238-528d-4d22-8e2c-c6ea1064770a
1456,e336ab0f-d299-4637-9de5-02e8b69242c4
1457,008760b2-41fb-40f4-b07f-28fec6303026
1458,7787efe5-aa88-424f-b037-3e4cf1a2a5dd
1459,e63e916c-0e88-47ba-aecd-027d3de9cd8a
1460,d6a344f9-9f16-40e6-adf7-40f75551c944
1461,c7e99aaa-0e01-4639-bf86-be9ba767cf1d
1462,46b990d0-5351-42a6-bb74-c94d1d97e204
1463,4cff39f9-cf8c-4868-aec9-5fb7615c715e
1464,aeb67e37-ec4e-4ee2-b460-fd0608285b99
1465,5c1b9f7c-e957-4f48-9fea-b1fed10f1e8d
1466,fd537a09-4edf-4727-b1ba-3a9b2bb2ddae
1467,88310274-6ac6-4700-8a4b-2964ddb46571
1468,7f46f587-ad4b-4da8-8baa-0a3f877a3b8b
1469,d506aa6c-1629-40e7-b039-abf9f1f337b3
1470,c31f377e-3f38-411c-9a3a-696edea91de8
1471,7403e42e-9760-463a-bb99-b05f17c7c6bd
1472,93079d54-f980-49ac-b788-f5ab490a2b4b
1473,3931dfdd-1f10-4daa-b456-e5ee778beb59
1474,9d3862f4-b77a-41bb-95dd-a95a7898b985
1475,5ab9aad6-41a9-45d5-bb60-21b5f3ba6e6f
1476,869d1213-d734-4747-b3ae-a20baeceeb8e
1477,aac5f5b0-4372-4f7e-ba62-6ddebae10b13
1478,7e58fba5-c630-41fd-aebe-d919b28318c4
1479,6eef51f9-768a-4fa1-81b9-b2c4310aa399
1480,cc1c6193-3065-4748-a10a-4ed1db74cf3d
1481,ae3d6732-e909-43d3-8fdc-c89bc044ee46
1482,62a7a57c-2f04-4f77-adae-34968d4711ba
1483,b70b2dc4-eb37-4f8e-ab32-de254b9ef4e4
1484,26ddc310-d984-45b7-b8f6-88a94719d810
1485,bc491d62-b6e1-4fea-a308-81e672973ecb
1486,804e23b9-7c1c-4d88-93bc-93985b43de7f
1487,1ed8025e-9112-40ad-9098-7887443a959f
1488,e1319429-dbe8-4e1d-93eb-fdbff3bd7d5b
1489,2ef89a6a-a3bf-4255-af7d-58503d14dfd6
1490,11303394-cee4-454d-b9b0-79be4c1dfe0e
1491,a215f8b0-1595-45c9-9b1b-3d7a330216dc
1492,b418c8d7-80e9-4fc9-a6d3-ecf60949e0b0
1493,6e9a2e86-5958-449a-9405-53149a568ee6
1494,496c8e46-4318-42e0-aa12-13e55b86d744
1495,8b806687-b216-4f3c-bf7e-b448ecbd9226
1496,a08a812a-1f29-4c3a-8ead-828700383593
1497,11bde873-7744-43ec-b6c4-41834beebfc0
1498,6e9c44b3-1428-484b-b9a3-06943cd01460
1499,5e7e3252-ef61-404f-8e03-52039061290d
1500,7c47fe3e-fe4f-47b9-b5e2-16ce854d8fb6
1501,bf5fde63-43e6-4ad1-adde-66610563cdd2
1502,a63108f7-1382-4871-a77f-f41cf5793847
1503,a97603d2-f5aa-4daa-ad74-f9f0cbc23535
1504,951e50d3-6506-4e09-a9da-41c5985b47b9
1505,a7b958ae-2654-4aa8-9e61-064cd9c2d440
1506,5aa22228-4795-4ff9-b215-97bd0664949b
1507,307670b6-e04b-4518-bde0-54b29673f659
1508,b9d73db0-5d91-444b-bbcb-ebf2138a25b7
1509,ec1e99de-73d2-4fea-9f5a-bc9dc75ff889
1510,1d96d979-954c-4bdf-98f3-a5cdfefed0a2
1511,0e36fde6-072f-4829-bd16-6f90118ef5ae
1512,0ed91cc4-b16d-4194-9a13-14d43bc5d2b8
1513,45f3ae98-6424-4dbc-b112-b7021fd46a44
1514,c549b410-3448-4ef5-80e1-a38cfb2c27d7
1515,cbc47af0-dee4-4066-a19c-8bc623f756c6
1516,c236b443-c0dd-4d40-98f1-a425ba0861c7
1517,4baaf0c2-a5df-45dc-9c52-af2eed512428
1518,5704d495-3089-4d59-ba62-4cd678f76c08
1519,a20a1d68-93e2-435d-98c1-73709156daa2
1520,6e4f07ba-02cf-464e-9154-2972c9a858c8
1521,4bd3f8d8-abda-4818-bee5-50b9b384836c
1522,dbf08e30-7cd6-4aa8-a0c0-bbe5f435d460
1523,5c4eeaed-fb4f-408a-972b-bb84bcc91642
1524,1612de60-de3a-4a87-9a6a-4620f8b5153c
1525,739c6753-df48-44b7-adb6-cc2ee6c8138b
1526,62564d4a-4031-4847-9943-a48c9f064aaf
1527,252107b7-0400-4c32-8f29-0ee76c9c3ff1
1528,a3255ed7-2cbd-473b-822f-5231ac46ce47
1529,462b3857-aaf6-4ce0-8353-79aeca2593aa
1530,9269db59-ede7-4b38-9554-49a33632f23b
1531,afb30ea6-7a0a-4dda-9216-957f9e3394f3
1532,456ff7b3-7c0e-46d7-9a68-3cd75068bfd7
1533,e57bbae0-f193-4021-878c-ae14ea083909
1534,6b7ea622-1bed-45d2-8ddc-2302afc8f22c
1535,929c13b7-04cd-4a71-921a-aeeee1f19de9
1536,0f65b59a-588a-41f7-90ab-20532d67bb8f
1537,b8e4f97b-5819-4f10-8897-0bcf13aa3db9
1538,d8cfae4f-f0da-4155-835d-d3748c5990b6
1539,fab883cc-83c2-4145-845a-dd082868c9ff
1540,89856bfc-9460-4fb9-9116-620c63d87728
1541,810bdf5c-d4c0-4493-abbf-effb6cde4473
1542,e7717cdf-62bb-45d6-9fcc-97315aa82d11
1543,4db8a6eb-5af8-452f-b44d-8e8951457550
1544,528a1e3f-e91a-41d9-bc18-2d7b5b40caa3
1545,a0cd51f2-9c72-464d-b4d7-06dd1c7634fe
1546,93ff6264-2160-403a-bee0-a7e672578312
1547,f6fba01c-6183-4c9c-be34-ccbbc4c16906
1548,7605f10c-f8c9-4a88-ba75-7b88a4a41a2d
1549,26444b5d-9143-453a-aeda-721d2ca52028
1550,990f9ef2-598d-4591-9bbe-e61e2c179d49
1551,0a06089b-8511-47d7-9e35-b4a1e8ba0d70
1552,f4d306aa-a4e4-42b4-95bc-519dbe47d227
1553,26bd4cb3-5b3a-4ed2-b7f5-4f90c3d9c00a
1554,0d1df5f4-e909-42f3-bf68-14d00608c5d1
1555,3c7a2a57-34ae-4183-aa33-4c318e6cb4a5
1556,93fff4f4-80f2-4fd6-9615-8b90a168cf04
1557,8042191e-2d9c-4d5f-a5f7-90cd8dd7fd53
1558,9d4f83f1-6c39-440f-bde6-c0872f8530b4
1559,2acb9fdf-86e4-4d80-9f9c-5212f9f6298c
1560,c6426c15-4994-4526-bc86-4960b17fa893
1561,e2c1a978-d107-4cc2-85f8-eafbb89294d5
1562,d289c367-90c2-42ef-8ceb-44ff7429e3ec
1563,bf423746-0b6b-4fbf-b4e0-1d1657ef4c6a
1564,a64a0709-15a1-489f-8b93-cca6198e89bb
1565,7c0b2ed4-7777-485d-82ea-62d270ccd808
1566,5260948c-149f-490b-95c4-5c4ddb79008f
1567,6d807bc0-46d5-4e61-92e0-fbc866293459
1568,4d4859a5-0389-4862-b305-8e172a0aeff3
1569,33f686a8-c024-4412-a4fb-5d476da276ba
1570,3c1d2f77-70bc-45c8-9279-033d1d72b526
1571,6f6cd44e-0307-4f76-a0cc-919e914d1f39
1572,548637e0-25e4-4896-be11-383078257c94
1573,f8446e8c-1359-4b3c-80bb-a695a2f2f00d
1574,c2071530-e519-4ba7-8a03-934abfacaee7
1575,68a65093-2e65-4a90-afcf-0952021eb88b
1576,4fa3c136-bd58-4c0a-9dcf-768e228fe739
1577,f60a9067-0b3c-4397-bc48-ff3c9e3cb157
1578,67c040fa-753f-4475-9bf1-c79cffc23142
1579,8843cf99-2885-44d9-89ab-3e14899a3aa2
1580,5dafac37-7973-4194-8e8a-c62e0ee9c9cf
1581,c5313c09-4ae5-4a00-ae2e-d11e5a8fefd5
1582,f7173474-e8ac-4840-b30e-6d87ed46e26d
1583,5d7103c9-898c-4cba-9bf7-ddba39b907b9
1584,b6a383e5-ab3e-422f-b7a5-b7531d1cb715
1585,b17548f2-3f92-48fe-8f70-48f3395cce8b
1586,11036125-32eb-4de4-9ff5-ba024508f60f
1587,418f3b4f-e940-403f-b9e8-2fcebe3087ce
1588,bb083291-c6ab-43d0-a7c0-209a8dc0af38
1589,b4b693c6-8fb6-4a19-a8ee-e02c9d1ef60f
1590,22f94bbd-8a09-4a36-9fe0-05af4b86c3f5
1591,b9a4a817-a487-482c-93f0-915a0dec89ba
1592,a6249cb0-4ccf-437f-91da-5d6965c4ace0
1593,4b2f53d3-fa60-4e48-99b9-01207586d30b
1594,c4386eef-dca7-4ae8-a2c6-202f5a2fa263
1595,3feb9561-8b73-43af-b413-00937b7d0bd0
1596,dd819a2a-4d31-4598-b7f6-3d5684caa26f
1597,b298b95c-e097-41bc-b364-836b1fd1b62e
1598,6368b56f-8588-4dba-bce0-1269180de955
1599,a64f2155-e655-4de8-99bb-d74f92b24b0b
1600,f8ee5f2d-39dc-42be-b491-6fd0bb7bbfa3
1601,9394a1b6-a2b0-4127-ad59-6b8890784281
1602,680aceb4-1334-4f0d-bb65-085420155b57
1603,59adcb79-1da2-43f6-b989-23d3e40f3b28
1604,ebeed1ab-9596-4c8f-919a-528a3857a51c
1605,6ad262c7-8bb3-4f96-bf4d-099e62af3f45
1606,ae910bc7-c04f-4ed3-9312-185c31de1fb1
1607,dd45117c-ee23-4bbe-97c8-e26787bf8d0a
1608,f23802a5-2093-4715-b8a7-4c313e7c7a80
1609,01790ac7-0f25-4f40-97a1-79aa86311013
1610,bff640aa-d457-4a36-8bfd-f9e69545fa6a
1611,35e1d291-7a28-4f3c-892a-2b0a0db09ff8
1612,3b1dd296-339d-441a-b3a5-5f679c44f24a
1613,088b6f6d-12bf-407c-81c4-964249bc7d91
1614,0e94f410-c07f-4821-b573-330fe5eb19d2
1615,1ee53bb2-f52a-45be-a0e5-09573bb8d940
1616,eb88b0df-43c1-4b36-b2f2-48318f4eb706
1617,b9e6ad14-641c-42bf-9f29-9f27f2309641
1618,b894ff11-48f6-4659-8e7f-9256a0e83e7b
1619,8348c5bb-1ce9-4bca-96cb-5e542fd4be92
1620,b6c7fc99-61e8-4845-8048-ab5e8c0bbe86
1621,e71ffa50-78ff-4121-aa3b-779e4aacc94f
1622,b000938a-8957-4f3d-80f0-b658c19ea012
1623,9a76515d-12bf-4f43-bcdb-0fb435303a4c
1624,f733eedc-8d08-4d89-bfe8-57047c225162
1625,5d39c1ec-78d5-4c24-9636-de482fa29189
1626,3307c740-deb6-4117-ab2f-e70524c98430
1627,6295a7bc-32ff-4ede-ba30-5bebcc1bcbf0
1628,4ae2ba59-194e-4f01-981b-e30fd21460ca
1629,ebae9f97-c4dc-4119-9527-1c99d559d788
1630,bc6416fe-2359-4eec-9f7b-f2dc83892c59
1631,2ee2e07c-62cc-4ee6-89f3-c1ed55b3d3f3
1632,84cc3541-28cf-456e-b641-00bb4a393723
1633,62645988-5800-4689-9d7d-bc49a0175647
1634,167d86ab-5e11-430e-bad5-89c69a11b60b
1635,0c8efd86-40f4-4129-b964-26bf9ce6a457
1636,847469ad-a4bb-4bfe-9e26-6f9fa811aeb1
1637,13bf61d4-6438-45a3-b38b-d101e89c5d67
1638,8294ff7f-142e-4f9b-93ff-9515b76e8bbd
1639,b80c5e4d-4d57-4bda-bfa9-45458be1b8a9
1640,21d251e7-60f4-4329-ab79-d19eca2925fd
1641,5ef6c3f0-1e04-4873-b291-97196edd07d2
1642,524fc083-0a26-4b01-9b86-c5c9dedec89b
1643,732a4955-49fb-4eed-87d0-da0ffc99798f
1644,834f7140-f480-4d04-82cf-c89ba8840cbf
1645,6f358f9d-e8b8-45f8-b9ac-691b048edeb5
1646,c2611d1b-1fbb-4edc-974e-3d9bb8363428
1647,fedf233d-a60a-49a5-81a2-0088590b5d43
1648,ddc94689-ef0b-48d1-b16c-ed3a32867840
1649,ffaa54ac-f10d-422b-b0cd-e90f9ddc49f7
1650,bcb06b49-5be1-44fe-9a5e-83433992063c
1651,0ae8ce53-05e5-4f1b-b898-0cf60e0399e6
1652,4bcb9f72-c0f6-4b5c-a7f4-bbacaff19448
1653,5032c7e2-ac07-4af3-921f-e14552a69c32
1654,a711a87e-1de9-4303-9734-cc792ceff9d2
1655,1f59e001-f767-4409-bf66-d2c7ba749103
1656,bde605db-8668-4f87-a8f5-4584fd1d3c12
1657,7a330f38-714c-4b2c-b1fa-a29866e56543
1658,eee4b0fc-24c1-4fcd-aaf5-1a951e791146
1659,4965938d-0fd3-4dd2-8bf9-3b36408273dd
1660,f4845aad-43c5-4b5d-8933-2dc2a335a526
1661,6be83167-769b-47b9-a169-c57b56c6ac2f
1662,1406d8cd-68bb-4c41-ba5e-e1a70a5b8b7c
1663,1a86323a-0ab1-48b9-9518-2b92767c1e7f
1664,395d6f5b-fac6-4d7b-be12-e0c426062bd1
1665,f111492f-c6b3-4ed0-9203-0f4fe9cff6f6
1666,1b77b2e4-3121-4c4e-aa87-bd3d36fb8b07
1667,207fc35d-8c01-45f6-9f7a-d74f36ad8d7b
1668,d67f4f03-0f34-4ace-9ae7-a7bf60d8985b
1669,2ba89fdd-3af2-4e97-a57d-fe4144021e9f
1670,261246cb-d75e-4ccf-9f02-7e86a6f53d8b
1671,1fae04a1-74af-40be-9540-9d037c252283
1672,db6d40a4-a838-47d3-b579-e0c3c14637f7
1673,5194a420-0273-43c0-b25f-8b8b696ccabd
1674,a9ba2d26-0dd0-40a7-8952-12d815653686
1675,5621f958-e7ff-4a85-b6f5-a22c82d748d3
1676,8d288404-2c64-45ed-bb66-dd875ab65fb9
1677,12beb6ef-93d5-490c-af86-f2318c7d8908
1678,ab1badb9-558c-449f-9fd6-3e665dcaf0fe
1679,f2e11506-acc9-40d7-bb96-fd0b4da17cc5
1680,6cf025ee-4ea8-42e4-96d9-8fee1ff33585
1681,17f000f2-bc69-4f29-8e1c-0deda9fab347
1682,925f29fa-472d-4c23-a2a9-89e9de454c5c
1683,5430d13b-cb0f-4853-a6a0-2feb7affb2c2
1684,57d93f4d-5cf9-4255-b296-c2630135977c
1685,10bba1fa-f62d-459d-8d86-585cfd124314
1686,ac53339d-b80a-42a4-9771-e1429a099e52
1687,4f7c8a57-eaaa-4398-8112-67fe6a5c871b
1688,10a69ba2-2b6d-4724-9666-679a316af1f0
1689,3dcd5079-aa3f-416e-b07a-7e6c427f1013
1690,e8bcf358-58f9-46b6-95f3-0e64701ea586
1691,c6c527f9-ccce-4cfa-80be-9ae5f5baa373
1692,790f9dcb-ed74-407b-8711-69cb2e9f735b
1693,1ed4a4a5-3afc-494a-9459-abb3102126f9
1694,ac29a96a-4dde-438c-a57f-c220b223ad97
1695,36750920-d817-4b53-bd3a-473aecaadf17
1696,8cd3bd3d-f73f-4bc9-80cb-836f0d4e152a
1697,58239538-f061-447a-8c29-ba57dd24921d
1698,1c079e7a-2707-4d67-8b84-c5709e52353b
1699,23104e0c-ca1c-49eb-89fc-03233ef086c2
1700,1669d013-d965-41f6-9968-5dc9aa47bead
1701,bdf5e9c4-7eb6-4203-990a-ae190fd17ffc
1702,8c3a6aa7-19d1-4ea3-905a-e8290098a5d1
1703,d34084ab-1000-42ed-ad1e-695840d2a53d
1704,b8e6e4d0-685a-47b8-b746-71949b8db8d0
1705,8f2efaed-58b5-451a-b68a-f3aa6c3a12ce
1706,89e6d5bc-e2ab-4ee6-a04c-50d9dc5c63cd
1707,5c6862c5-aa0a-4c53-b1c7-7631f2c5f3a6
1708,206eae13-875b-4227-a745-9411e3a5eb33
1709,7dfa0ade-824d-4eaf-848b-4f42aa2ab486
1710,fc98fa86-7ad6-41b2-9272-9c9acdeb793c
1711,a7184ae8-81ef-466a-81a2-4dae6b7b6ce8
1712,c2dc9ee3-b563-486b-89f4-69aadff05d26
1713,af1f9527-60b5-4255-888c-48ded3338da7
1714,80a95d1b-0929-4eb2-b1d4-4aaf43a9abd3
1715,df146d70-cab3-4bf8-aa48-ab34d992b856
1716,53dc0c7c-7cc2-42cc-a93d-0be595342688
1717,3c76ed1e-53da-469e-9739-b526aa1ccbed
1718,1dd3d2e0-77be-473b-a96d-3ac2f6bb6825
1719,b68dc332-3a52-4ae9-895f-99528e7bc9f9
1720,1ad723d3-3e65-4600-b406-e0cfd93ba3c9
1721,d1874aa0-0398-4349-b820-3a2ce0b04cb2
1722,d0136384-0b9d-457d-8f17-2cad57dcd8fa
1723,33aec27b-7356-4cae-b22c-74406c4b4121
1724,c7ca654e-3588-4a5d-8e35-4096480398f7
1725,c0ed60aa-b3fd-4a33-989a-586a4829a7bc
1726,aab8b93d-8b4d-4967-860f-55939a48644f
1727,9c0d32dd-8c74-464b-af30-132c84b7665c
1728,b8105989-d8f7-4374-9310-81edda27d9c8
1729,8bd06747-1693-4b21-9361-7de50972f76b
1730,1f7775d0-625b-4f06-bd36-3d13c7790e99
1731,fdd39a4e-df5b-41dc-b803-70b7c3cff960
1732,1c98318a-42fe-42fc-9da2-537b281fad0d
1733,0cdb49b4-57be-4a02-9135-2393687465d2
1734,467e0363-6798-4263-a7fc-b412a42b237f
1735,d62f39f3-1cb4-44c6-b548-ab3a1e2e3951
1736,21792f38-fd2d-42c5-859f-1f0d24e3a19f
1737,a6d734cb-c987-4779-a7c5-b07bea0d98c4
1738,c685e36b-de81-41d3-b093-b1958d95c564
1739,319549c7-51ac-4acc-89f5-31174f9445ac
1740,86c6e185-bffa-45a9-85f7-98bb14063a9f
1741,f453babf-6bcc-43ee-836b-dfb373d4bf56
1742,028defee-6158-4b4c-8e4c-24018e2af049
1743,bc220404-99da-4ff9-989f-880ac5c4a9ac
1744,02d932d8-15aa-41dc-9a44-d91a00e705c9
1745,52ca214c-9b05-49ef-95c6-235c672c84b5
1746,27741bb1-51a9-4593-9b59-acbb4b52aaf3
1747,77de2bfb-58a2-4040-adcc-5d0da0c309fb
1748,7bd5ae2e-6d1f-4b64-9580-d15e09ece959
1749,d7bba5eb-7438-4fc1-926a-eee0be28ad4f
1750,85c826ae-1a42-4b2f-adad-b289a86178f6
1751,de44a645-c17e-4b7f-8701-918fea964e4b
1752,c3a87df3-86a2-4fe1-bfd9-845ef1d73c92
1753,00497187-e40c-4e71-9c8b-7db41d4706a7
1754,5258f9f4-bfd3-40f2-865e-e8a924609e19
1755,8b9cb35b-69a6-4597-ba2a-bbee388d7786
1756,461e97df-8480-4402-9c92-34ad19bbec20
1757,9948b131-26d8-4e3a-b716-c14cbb11852e
1758,08f41bf2-120c-44cd-bff3-daef5ca44e24
1759,fe012662-05d8-4acd-a132-b54a3cfca5bb
1760,97d9f8a7-3d14-4142-b890-97b4dd186d30
1761,0f38faf5-1111-40f6-a782-9818bc7b5146
1762,677c08a7-9768-4827-be71-d5dd5eb6425d
1763,52f71a6f-8683-4983-a5fd-3a4ad9b98471
1764,5639ae40-7a8e-4533-af5f-e6f99f81c61e
1765,50a70f7a-a3e3-4aa7-8c9d-1c8cf2269db3
1766,4b90fc41-6d2b-4137-88b2-f2ba75e39bcf
1767,b21eee74-8d65-435d-b39f-9ebe569c514a
1768,65f51759-6c3b-40b4-b499-3f4f6e93ba38
1769,60985a72-1d47-4014-bb92-b318beb4065f
1770,89c46e98-2d3e-46e1-8e57-ccc13c68d490
1771,055f87bc-5019-46d0-a1e9-e8cf7f1197e6
1772,129aa5c0-d1b7-485d-b4f0-88502e605635
1773,b94d09e8-3d49-44fe-9da0-25a494fd092d
1774,597a8c87-50f4-44d8-8c5a-98654e127e82
1775,0c22f0f6-7efe-4651-8f12-c18d1f3bc225
1776,adc2c4bf-561e-4ab6-9c0e-5be0bce5dd8f
1777,b66d69ad-34e1-437b-9a67-054cf07a8d0f
1778,9d957a6f-bea0-4776-bc0f-fef644febb4e
1779,8100f1cb-fda9-4835-8189-111ba856cfff
1780,3997c296-2cbe-44c4-8fd3-9a1fe77afd09
1781,de0dc946-291f-48bd-bc28-f2f17fad9b4d
1782,fd57b43c-af70-4dc0-a43c-2418d3fa3baa
1783,19560057-85bc-4840-81d4-4212e596e32c
1784,35a9d7a9-c074-4b3f-8dab-aea08c213481
1785,3fe7b399-1c6b-430a-aaca-8d8e14b0dfdf
1786,c060dbf3-46d2-418b-8688-29944888a533
1787,bbbff9ef-da22-4ea7-8aa3-d20d6104b39a
1788,5679265e-c1f4-4fcb-b732-d7bf546031d5
1789,2ed948e3-9166-465f-ab0b-7966dc651a59
1790,4378fc5d-3923-4d01-ba3c-15d88376ceb2
1791,70b5dc12-5e55-4122-a865-4c00700badc5
1792,0572b379-6099-48c8-a7c4-665469987f37
1793,145f9e48-5dfc-49e7-9a6d-6b70c3803019
1794,ad0c216c-af32-431d-bdc3-e410dd9ec468
1795,0cf97a77-1191-48ba-9573-8b3df659f4c8
1796,1e413ddf-c8d9-4dd0-912c-0b12416a90ec
1797,2addfffd-5f74-4e7f-901e-ddaf708c8b02
1798,3d2d9ef5-48dc-47d0-9772-24c85600c0c9
1799,98a2d125-233f-4ec1-aeb5-6d5e623d6b76
1800,bb0f92a1-82ce-4b18-9cf9-8161de454608
1801,d684cb83-29a4-4fb8-9ef2-cbbbd9cf2a20
1802,d0e0d23c-d7e1-4384-a664-5138e0c0d873
1803,3c291ea9-b2dd-4262-b2dc-710a56f8e176
1804,105697be-68ed-42e9-b6cb-d54cdc9a292d
1805,c42fa6ef-7ec1-4652-af24-c88208117a08
1806,c8bab546-002a-4d0c-aaa5-1b4c3e9e74ff
1807,714d9c44-2117-48a9-a70f-965c2050bbe5
1808,2c2d7455-c933-41f6-9959-b35ac71c51e1
1809,0163f551-4a9d-43e3-8cfd-5c7a7320e1a4
1810,75dc0bf3-04b9-4fd3-8ab4-723c8c6b78f9
1811,06317d38-4a1f-4c10-840c-e38288886d27
1812,2fd85218-c216-4230-81ba-d7762b0cf0b9
1813,b2d52e76-0f71-4d01-b40b-88827679c6db
1814,195d80fd-5894-485d-943e-cafb14c32daa
1815,32d0081f-0a41-4fb9-83ba-e75f52ae4776
1816,579d10ac-98b1-4b00-ac70-1940b2af0227
1817,c79ece48-9d2e-41b1-a4e6-76809f973be3
1818,4277a539-8aa6-459e-bae8-574c17feb046
1819,65a27c39-0b10-43f7-8e85-ed1a71b68e93
1820,50165a69-e01e-4355-afc6-b591d92e995c
1821,8f6244f2-6f26-44ed-b56a-0445f7f5025c
1822,1c41c96f-a3fe-4738-8bd3-a69680e62b15
1823,ed23ce36-6343-4cac-b251-81e8bc61b422
1824,f8409d67-b824-4658-9781-937fc2e98b11
1825,fd982cf8-7e88-4414-b964-032602278aa6
1826,dbd0354b-553b-4537-827e-ded3357288dc
1827,60c9a7db-f10b-471a-95c5-0968c14847d2
1828,10465bef-5362-42c0-8c8b-f714b2157640
1829,e57d72b9-f79a-40b1-87ec-cc69dd3257d1
1830,0b2a6a23-4977-4d05-8e4b-476e898b98d8
1831,6ca4d1b4-d453-4be1-9789-7454c841e5c2
1832,938858e4-1b3c-4928-96c8-d37281055073
1833,a2dd4798-94ea-4713-b8a6-0d34e0d50681
1834,42c25266-7cf9-4fd7-870b-67ef05e2aa76
1835,6a5dc6b8-2415-4c80-932e-d8f8e2a9dcd5
1836,7a714676-d7ba-4c1f-885c-f300b8d00e9e
1837,385efa4c-1c68-401a-b22e-5d6aedf3f5a1
1838,fdb2782b-cdd6-4666-bbc6-8ac34dd3329b
1839,d36d8651-0d39-4695-99da-013b77a3e878
1840,d0623839-9338-476b-bd82-16eed5c86601
1841,f4d17df3-10a9-48b2-8bee-336ef91ef756
1842,0313207b-b3e7-431e-9417-d159548841f5
1843,2747e18c-5544-480e-9b83-db318e2d4a12
1844,c5214b5e-732e-4ef5-9ca0-36e73bfb5d75
1845,f117b81a-6d05-4872-9996-07faaea21271
1846,d5b1c073-b120-4498-9b84-9b0058081c15
1847,0e226129-d544-48eb-a76b-d1c127972654
1848,b27452b0-7e14-4a68-835e-9eb3d9f3cff6
1849,a2361a17-b9df-43ce-8f3e-43a5d3091614
1850,007f1fe8-f1c3-4b98-8bc5-4daa666929c2
1851,2bf05776-1d47-441e-8afc-98617e5b3f04
1852,41ab347b-4e2b-4901-9c23-9ec30c478ef3
1853,05bb18ac-dd3c-449a-b5c6-b541c26bda11
1854,2efebd53-2968-43a9-bd85-f2aff2550bf4
1855,390f7f09-5cd6-434e-b63e-a58c42250005
1856,649ab97b-f853-46b4-83d9-5f1b11120da5
1857,3c04b98f-79ce-4883-bfee-7e7ebf2f8e0e
1858,6ca9f9eb-e2cd-4aae-a6d4-651716754ecf
1859,d922d1ad-6b0a-44ef-af4d-350cc5a8777c
1860,f5a1f1e7-50cd-4ea0-8a66-0c32e434dbad
1861,afb17594-3491-4098-a861-cb7cf457dcd8
1862,dedb2657-1b62-412f-87aa-b0c4919f9d96
1863,f7ac59d0-8dcb-48d1-b80b-87b6e26e2b80
1864,99b63501-915f-41c6-b937-56ef2adc87fc
1865,968ff8e1-e782-4cd7-9b07-f1929d524eae
1866,3ba22ead-d50b-4913-b944-a7209f9fd472
1867,62052526-4f79-4482-8235-53d88ac75da3
1868,31a2c281-9dbb-4d8f-ae21-955604dc289f
1869,aea0d769-dade-423d-97a4-c666e1c10db7
1870,018788e4-18fa-4311-bedc-45a6f26bbc2c
1871,11a8a194-3bd2-4957-900c-ec51080df221
1872,ddb5f07b-d8b4-4b8b-ab6d-4358d2f0cf6a
1873,c40d8c05-af7e-4c71-954d-82565d899147
1874,44933519-f7b0-4a42-b8f7-4c9c7d1b383b
1875,7f34b3bd-2c9a-4424-b5d3-3bab2c50f6b6
1876,3a0f587e-ed84-4a37-a135-45a29c8a0d72
1877,ff881781-fcfa-4f7c-8d22-200d3e256436
1878,7082790f-68a7-4e6b-8c31-7e34c59ccb95
1879,35314828-35cb-46d9-99f3-99a2945b5097
1880,d788993e-d65e-4649-9b88-a591ebdfef73
1881,cdd2613b-92cd-4485-ba99-38ba01006479
1882,a7c0a4b8-02be-4668-affc-2a05376198da
1883,d751d8f0-4d35-4229-b5ff-fccdcf685549
1884,ea714733-888a-41bb-9aff-a6659f92aef1
1885,4f3b19a9-9382-489a-9456-bd55d4ec2125
1886,85a2b495-d99f-41ca-af1e-24e14c98db0e
1887,cd83a35b-bbe6-493b-9cf4-559d8d9db8f7
1888,f7e42edc-6253-4497-a2ef-467716d39568
1889,3a2c5a2c-68da-4571-898b-bda35433dd5b
1890,edc1a63e-458f-4585-a349-168c25146fac
1891,e211e717-16ac-4a61-8c92-ecec916ed266
1892,5fc89702-4541-41b5-9aef-ee9d7db94f72
1893,75e62f5d-385c-44f4-a2ea-960ea18713da
1894,003dab6b-4bba-4162-8afb-211be29c5844
1895,749c3b64-2251-4a95-9224-3419305f2b27
1896,2b108729-7565-43b2-9dad-424bc51d82ca
1897,90720c91-9eb8-45b4-87dc-f56a758f5289
1898,1376e109-0f57-435b-ab0d-67e195f6b448
1899,11dc8030-657c-4be5-bf24-3fc65bd10891
1900,b976a5e5-df2a-46eb-aee6-30612cbfc665
1901,9c11dad0-908c-444c-9960-dfa40507f605
1902,53081696-1b9f-4fed-ab6a-35ea9a45a9e1
1903,a21063b0-c32f-4ae0-88bb-f5971bfd897b
1904,30ffb807-e947-4f66-be18-8ff7dd7b7c88
1905,0bcf44ee-a84c-4e9b-8ba6-3d5addb86296
1906,80b84729-f079-48ad-9f5e-2dbe7f9f32c9
1907,90232473-70d2-47af-87bb-35c60c2335e8
1908,9906379a-eab3-4973-b816-e3d5280aca85
1909,fe55a7c7-35e4-4d06-acad-2c2d754237dc
1910,58b9a328-09e1-4535-aab7-966f160cf9a9
1911,30de967a-50ad-4087-8336-818f4185a99f
1912,96149a3a-5683-4d70-86ef-3d8994796b0e
1913,d454c940-bdf3-4ea6-b6d5-533fa0939ebe
1914,61bee4ba-dca0-4a11-b4b1-630d9641ae0e
1915,49f62ab5-43ba-4155-9b49-14130fce03bd
1916,4e451ca4-a282-48e4-ad25-93a04c4174f3
1917,a5354910-5bcd-4f6b-81fb-c7879ee42eb7
1918,9f011cdc-67c5-4ab4-93e7-46e23aa830d2
1919,aa4e2830-a616-4bf1-a6ce-efe003aae703
1920,648ca00e-0e08-41dd-92e5-d344c3b1466c
1921,4c0150fb-fb59-4858-8c42-f37eed672fba
1922,57d38caf-f44e-4cb8-83e0-4e32da788f61
1923,7c84bc1d-ec8b-4b36-88f6-deae646600a2
1924,8c118cd7-ee35-45e3-aa0f-be26c2accaf0
1925,11ffa4c5-2bc0-448d-8d58-7d47ad0ef397
1926,24a352da-639a-4b0a-bcab-fb558487af8b
1927,f146f26c-bbee-4ff8-86fe-e0da414d5e6f
1928,5a40f7f6-233e-4e72-a3d2-f0275b1570ad
1929,65fb396c-9bcf-4b23-b6b5-5073cdde009a
1930,c59c8160-bcd8-4e5e-881b-06c5085e37bf
1931,8fc23860-12ff-4eec-b6bb-619dba5323aa
1932,a0d3cc6e-d7d6-4be6-977a-67fb7db7c84b
1933,1beca366-a8de-49d8-919b-b50c9ae9bd5a
1934,72c94940-4fc8-4c95-a59f-0e995c04a7d1
1935,4985b0db-e933-42a7-a316-2c1bd03eaed8
1936,afff19d8-5422-4d39-9891-af16547df1c0
1937,0393910e-9ebe-4bfd-9dc6-6201e8b599ac
1938,d2196e83-3647-4cd9-b0a0-33fdcd743c4a
1939,c5793ab5-2f7f-4c7b-beac-27d2fb2fa1c2
1940,355a9ef3-86d5-4526-ba9b-115db6c84d1c
1941,6d15f119-1a41-4550-8178-b24cd56fb023
1942,678ca2a6-3d4d-46d1-a605-1a7a61a829d2
1943,53f7d8f5-e338-465f-9c2d-942162c0a3b4
1944,ab1ad2fa-de3c-4104-8a37-64b1fea4407c
1945,981bb79c-c274-46f9-8a60-2a1c0c60c502
1946,cd5c3a08-401d-4489-baff-07029010d40d
1947,04ff4c7b-3c2e-42e0-8993-2e9b572c33fd
1948,402ed0bf-bf82-4b54-8239-05f425049929
1949,9a59bff8-6db3-4d77-a46b-bfd8b7acc68c
1950,fd410817-921d-4fcf-b051-3d4496011e8c
1951,843c9959-0813-4ded-864e-c7fb5f66bad9
1952,183081eb-40c3-4096-80a2-7002ce6f18fa
1953,955f814a-e726-43e8-923a-a2c626caaf80
1954,2fd8bbb5-0e1d-4264-be8d-652305e5de83
1955,7c648eae-a3f0-4c83-9a3e-b6e0180b351e
1956,9bcc5da5-5c8b-441e-b9c3-a9cb7a9ce521
1957,abe1896e-1adb-41db-b1b1-11216b2d2f9b
1958,c2b54960-5ccb-4881-85d3-b28a46baf9de
1959,5849096b-da21-4c0d-809b-433403086e86
1960,3ea3bb0d-447f-46ed-827c-091a91fcdee3
1961,2f62960f-5f69-4931-895e-7c922de1a1b2
